Node_ID,Gender,DOB_Year,Age_First_Analysis,Drug_Activity,Recode_Level,Drug_Type,Group_Membership_Type,Group_Membership_Code
0,0,1943,73,0,0,0,0,6.0
1,1,1965,51,1,1,1,0,6.0
2,1,1969,47,1,2,2,1,9.0
3,1.0,1980,36,1,3,3,2,11.0
4,1,1986,30,1,4,2,3,13.0
5,1,1985,31,1,4,1,1,9.0
6,1,1982,34,1,4,1,1,9.0
7,1,1977,39,0,0,0,4,99.0
8,1,1976,40,1,5,4,1,9.0
9,1,1985,31,0,0,0,4,99.0
10,1,1970,46,0,0,0,0,6.0
11,1,1964,52,0,0,0,2,11.0
12,1,1955,61,1,6,5,0,6.0
13,1.0,1968.0,48.0,0,0,0,4,99.0
14,1,1975,41,1,2,2,5,1.0
15,1,1956,60,1,7,2,2,11.0
16,1,1979,37,0,0,0,4,99.0
17,1,1979,37,0,0,0,0,6.0
18,1,1979,37,0,0,0,0,6.0
19,1,1979,37,1,5,4,1,9.0
20,1,1987,29,1,8,2,3,13.0
21,1,1981,35,1,4,5,3,13.0
22,0,1978,38,1,8,2,0,6.0
23,1,1980,36,0,0,0,0,6.0
24,1,1949,67,0,0,0,4,99.0
25,1,1955,61,1,9,6,2,11.0
26,1,1951,65,1,9,7,2,11.0
27,1,1982,34,1,10,1,0,6.0
28,1.0,1980,36,1,10,1,0,6.0
29,1,1973,43,0,0,0,4,99.0
30,1.0,1981,35,0,0,0,0,6.0
31,1,1964,52,0,0,0,4,99.0
32,1,1979,37,0,0,0,0,6.0
33,1,1965,51,0,0,0,4,99.0
34,1,1954,62,0,0,0,4,99.0
35,1,1986,30,0,0,0,3,13.0
36,0,1968.0,48.0,0,0,0,4,99.0
37,1,1978,38,0,0,0,4,99.0
38,1,1967,49,0,0,0,0,6.0
39,1,1971.0,45.0,1,8,1,4,99.0
40,1,1976,40,1,8,1,0,6.0
41,1,1941,75,1,2,2,1,9.0
42,1,1985,31,0,0,0,4,99.0
43,1,1968.0,48.0,0,0,0,4,99.0
44,1,1988,28,0,0,0,3,13.0
45,1,1970,46,0,0,0,2,11.0
46,1,1988,28,0,0,0,3,13.0
47,1,1968,48,0,0,0,0,6.0
48,1,1948,68,1,6,2,6,14.0
49,1,1982,34,0,0,0,0,6.0
50,1,1977,39,0,0,0,4,99.0
51,1,1966,50,0,0,0,2,11.0
52,1,1977,39,0,0,0,4,99.0
53,1,1980,36,0,0,0,0,6.0
54,1,1969,47,0,0,0,7,4.0
55,1,1974,42,1,10,2,0,6.0
56,1,1967,49,0,0,0,2,11.0
57,1,1978,38,0,0,0,0,6.0
58,1,1972,44,0,0,0,0,6.0
59,1,1980,36,1,1,1,0,6.0
60,1,1978,38,0,0,0,0,6.0
61,1,1988,28,1,8,1,4,99.0
62,1,1978,38,1,8,8,0,6.0
63,1,1984,32,0,0,0,4,99.0
64,1,1984,32,0,0,0,4,99.0
65,1,1953,63,1,11,2,4,99.0
66,1,1965,51,1,10,6,8,3.0
67,1,1971,45,0,0,0,4,99.0
68,1.0,1973,43,1,5,1,2,11.0
69,0,1938,78,0,0,0,4,99.0
70,1,1961,55,0,0,0,4,99.0
71,0,1967,49,0,0,0,4,99.0
72,1,1929,87,0,0,0,4,99.0
73,1,1982,34,0,0,0,0,6.0
74,1,1985,31,1,1,5,0,6.0
75,1,1946,70,1,11,2,0,6.0
76,1,1968,48,1,11,5,0,6.0
77,1,1951,65,0,0,0,0,6.0
78,1,1963,53,0,0,0,9,2.0
79,1,1985,31,1,4,2,3,13.0
80,1,1984,32,0,0,0,1,9.0
81,1,1983,33,1,4,2,1,9.0
82,1,1976,40,1,5,1,10,21.0
83,1,1977,39,0,0,0,2,11.0
84,1,1965,51,1,5,5,1,9.0
85,1.0,1980,36,0,0,0,7,4.0
86,1,1977,39,0,0,0,7,4.0
87,1,1979,37,0,0,0,7,4.0
88,1,1967,49,1,8,9,4,99.0
89,0,1968.0,48.0,0,0,0,4,99.0
90,1,1936,80,0,0,0,4,99.0
91,1,1964,52,1,6,2,4,99.0
92,1,1966,50,0,0,0,4,99.0
93,1,1981,35,0,0,0,4,99.0
94,1,1968,48,1,3,10,7,4.0
95,1,1954,62,1,8,1,8,3.0
96,1.0,1978,38,1,12,3,2,11.0
97,1,1978,38,1,3,3,2,11.0
98,1,1988,28,0,0,0,3,13.0
99,1,1975,41,0,0,0,4,99.0
100,1,1976,40,0,0,0,0,6.0
101,0,1966,50,1,1,6,0,6.0
102,1,1956,60,0,0,0,0,6.0
103,1,1985,31,0,0,0,0,6.0
104,1,1983,33,1,4,3,0,6.0
105,1,1981,35,0,0,0,0,6.0
106,1,1977,39,0,0,0,4,99.0
107,1,1968.0,48.0,0,0,0,4,99.0
108,1,1946,70,0,0,0,4,99.0
109,1,1979,37,0,0,0,0,6.0
110,1,1968.0,48.0,0,0,0,4,99.0
111,1,1968.0,48.0,0,0,0,4,99.0
112,1,1968.0,48.0,0,0,0,4,99.0
113,1,1972,44,1,10,2,0,6.0
114,1.0,1974,42,0,0,0,7,4.0
115,1,1978,38,0,0,0,0,6.0
116,1,1975,41,1,13,1,0,6.0
117,1,1966,50,0,0,0,7,4.0
118,1,1987,29,0,0,0,7,4.0
119,1,1974,42,1,9,6,2,11.0
120,1,1976,40,1,9,6,2,11.0
121,1,1985,31,1,9,6,3,13.0
122,1,1984,32,1,1,1,10,15.0
123,1,1972.0,44.0,0,0,0,0,6.0
124,1,1943,73,0,0,0,2,11.0
125,1,1975,41,1,10,2,7,4.0
126,1,1981,35,1,1,2,0,6.0
127,0,1976,40,0,0,0,0,6.0
128,1,1980,36,1,4,7,3,13.0
129,1,1968,48,0,0,0,4,99.0
130,1,1968.0,48.0,0,0,0,4,99.0
131,1,1969,47,0,0,0,0,6.0
132,1,1981,35,0,0,0,11,5.0
133,1,1971,45,1,10,8,0,6.0
134,1,1989,27,1,5,9,0,6.0
135,1,1986,30,0,0,0,1,9.0
136,1,1968.0,48.0,0,0,0,4,99.0
137,1.0,1974,42,0,0,0,0,6.0
138,1,1973,43,0,0,0,0,6.0
139,1.0,1978,38,1,3,3,2,11.0
140,1,1953,63,1,1,1,0,6.0
141,1,1953,63,0,0,0,4,99.0
142,1,1979,37,1,1,5,0,6.0
143,1,1968,48,0,0,0,7,4.0
144,1,1966,50,1,14,1,4,99.0
145,1,1984,32,1,9,6,3,13.0
146,1,1982,34,1,4,5,7,4.0
147,1,1968,48,1,5,1,4,99.0
148,1,1988,28,1,4,2,3,13.0
149,1,1972.0,44.0,0,0,0,0,6.0
150,1,1954,62,0,0,0,0,6.0
151,1,1966,50,0,0,0,0,6.0
152,1,1962,54,0,0,0,2,11.0
153,1,1979,37,1,1,2,0,6.0
154,1,1985,31,1,1,5,0,6.0
155,1,1979,37,1,1,6,0,6.0
156,1,1979,37,1,5,4,1,9.0
157,1,1980,36,0,0,0,4,99.0
158,1,1960,56,0,0,0,0,6.0
159,1,1984,32,1,8,1,3,13.0
160,1,1984,32,1,1,5,0,6.0
161,1,1968.0,48.0,0,0,0,4,99.0
162,1,1978,38,0,0,0,0,6.0
163,1,1963,53,1,5,1,2,11.0
164,1,1972.0,44.0,0,0,0,0,6.0
165,1,1972.0,44.0,0,0,0,0,6.0
166,1,1973,43,0,0,0,2,11.0
167,1,1976,40,0,0,0,0,6.0
168,1,1960,56,1,10,7,0,6.0
169,1,1975,41,0,0,0,4,99.0
170,1,1978,38,0,0,0,0,6.0
171,1,1977,39,0,0,0,0,6.0
172,1,1972,44,0,0,0,0,6.0
173,1,1980,36,0,0,0,4,99.0
174,1,1956,60,0,0,0,0,6.0
175,1,1972,44,1,1,1,2,11.0
176,1,1983,33,0,0,0,0,6.0
177,1,1948,68,1,6,2,4,99.0
178,1,1968,48,0,0,0,0,6.0
179,1,1968,48,0,0,0,0,6.0
180,1,1965.0,51.0,0,0,0,2,11.0
181,1,1983,33,1,1,5,0,6.0
182,0,1986,30,0,0,0,4,99.0
183,1,1977,39,0,0,0,7,4.0
184,1,1965,51,0,0,0,0,6.0
185,1.0,1969,47,0,0,0,0,6.0
186,1,1975,41,1,5,2,4,99.0
187,1,1945,71,0,0,0,4,99.0
188,1,1982,34,1,15,2,0,6.0
189,1,1956,60,1,8,2,2,11.0
190,1,1964,52,0,0,0,2,11.0
191,1,1962,54,1,15,6,0,6.0
192,1,1969,47,1,5,1,0,6.0
193,1,1980,36,1,9,6,3,13.0
194,1,1981,35,1,9,6,3,13.0
195,1.0,1968.0,48.0,0,0,0,4,99.0
196,1,1981,35,0,0,0,7,4.0
197,1,1983,33,1,9,6,3,13.0
198,1,1968.0,48.0,0,0,0,4,99.0
199,1,1985,31,1,9,6,3,13.0
200,1.0,1982,34,1,9,6,3,13.0
201,1,1967,49,0,0,0,0,6.0
202,1,1962,54,1,8,1,4,99.0
203,0,1973,43,1,5,1,0,6.0
204,1,1967,49,0,0,0,2,11.0
205,1,1984,32,1,9,6,3,13.0
206,1,1954,62,0,0,0,4,99.0
207,1,1985,31,0,0,0,7,4.0
208,1,1964,52,0,0,0,7,4.0
209,1,1984,32,0,0,0,0,6.0
210,1,1962,54,1,5,4,1,9.0
211,1,1974,42,1,10,6,0,6.0
212,1,1985,31,1,1,1,0,6.0
213,1,1972.0,44.0,0,0,0,0,6.0
214,1,1981,35,0,0,0,0,6.0
215,1,1975,41,1,8,2,2,11.0
216,1,1946,70,1,5,11,4,99.0
217,1,1982,34,0,0,0,0,6.0
218,1,1973,43,1,8,8,0,6.0
219,1,1983,33,0,0,0,4,99.0
220,1,1968,48,1,4,8,4,99.0
221,1,1965,51,0,0,0,4,99.0
222,1,1973,43,1,5,1,0,6.0
223,1,1957,59,0,0,0,0,6.0
224,1,1963,53,1,10,10,2,11.0
225,1,1968,48,0,0,0,2,11.0
226,0,1986,30,1,9,6,3,13.0
227,1,1971,45,0,0,0,7,4.0
228,1,1975,41,0,0,0,0,6.0
229,1,1970,46,0,0,0,4,99.0
230,1,1983,33,1,1,1,10,34.0
231,1,1948,68,0,0,0,4,99.0
232,0,1968.0,48.0,0,0,0,4,99.0
233,1,1968.0,48.0,0,0,0,4,99.0
234,1,1964,52,1,16,1,2,11.0
235,1,1951,65,0,0,0,0,6.0
236,1,1945,71,0,0,0,0,6.0
237,1,1982,34,0,0,0,0,6.0
238,0,1963,53,0,0,0,0,6.0
239,1,1975,41,1,1,5,0,6.0
240,1,1948,68,0,0,0,0,6.0
241,1.0,1974,42,1,1,1,2,11.0
242,1,1980,36,1,9,6,3,13.0
243,1,1969,47,1,8,6,2,11.0
244,1,1953,63,0,0,0,0,6.0
245,1,1973,43,1,1,1,2,11.0
246,1,1973,43,0,0,0,4,99.0
247,0,1954,62,0,0,0,4,99.0
248,1,1948,68,0,0,0,4,99.0
249,1,1952,64,1,10,12,2,11.0
250,1.0,1981,35,0,0,0,2,11.0
251,1.0,1965,51,0,0,0,4,99.0
252,1,1981,35,1,4,6,3,13.0
253,1.0,1983,33,0,0,0,4,99.0
254,1.0,1974,42,0,0,0,5,1.0
255,0,1975,41,1,5,1,0,6.0
256,1,1971,45,1,8,13,2,11.0
257,1,1960,56,0,0,0,4,99.0
258,0,1972.0,44.0,0,0,0,0,6.0
259,1,1972,44,0,0,0,5,1.0
260,0,1976,40,0,0,0,0,6.0
261,1,1974,42,0,0,0,4,99.0
262,1,1983,33,1,10,14,4,99.0
263,1,1955,61,1,10,2,0,6.0
264,0,1971,45,1,10,2,4,99.0
265,1,1968,48,0,0,0,4,99.0
266,1,1969,47,1,10,6,7,4.0
267,1,1974,42,0,0,0,7,4.0
268,1,1976,40,0,0,0,0,6.0
269,0,1982,34,1,9,6,3,13.0
270,1,1953,63,1,10,8,0,6.0
271,1,1986,30,0,0,0,4,99.0
272,1,1968.0,48.0,0,0,0,4,99.0
273,1,1980,36,0,0,0,0,6.0
274,1,1949,67,1,17,1,2,11.0
275,0,1977,39,0,0,0,0,6.0
276,1,1953,63,0,0,0,0,6.0
277,0,1959,57,1,5,1,0,6.0
278,1,1982,34,0,0,0,0,6.0
279,0,1967,49,0,0,0,5,1.0
280,1,1974,42,0,0,0,4,99.0
281,1,1976,40,0,0,0,2,11.0
282,1,1981,35,1,1,2,0,6.0
283,1,1977,39,0,0,0,0,6.0
284,1,1980,36,0,0,0,2,11.0
285,1,1972,44,1,1,2,2,11.0
286,1,1982,34,1,1,1,0,6.0
287,1,1979,37,0,0,0,0,6.0
288,1,1975,41,0,0,0,0,6.0
289,1,1971,45,1,9,6,3,13.0
290,1,1985,31,0,0,0,4,99.0
291,0,1964,52,0,0,0,4,99.0
292,1,1975,41,0,0,0,4,99.0
293,1,1948,68,0,0,0,4,99.0
294,1,1970,46,0,0,0,4,99.0
295,0,1961,55,1,1,1,4,99.0
296,1,1958,58,1,8,7,0,6.0
297,1,1959,57,0,0,0,4,99.0
298,1,1970,46,1,1,2,0,6.0
299,0,1980,36,1,8,2,0,6.0
300,0,1959,57,0,0,0,4,99.0
301,0,1968,48,0,0,0,4,99.0
302,1,1968,48,0,0,0,4,99.0
303,1,1977,39,0,0,0,4,99.0
304,0,1972,44,0,0,0,4,99.0
305,0,1967,49,1,8,3,4,99.0
306,1.0,1970.0,46.0,1,1,1,4,99.0
307,1,1968.0,48.0,0,0,0,4,99.0
308,1,1984,32,0,0,0,3,13.0
309,1,1985,31,0,0,0,4,99.0
310,0,1982,34,1,4,7,3,13.0
311,1,1966,50,1,1,1,0,6.0
312,1.0,1939,77,0,0,0,4,99.0
313,1,1981,35,0,0,0,0,6.0
314,1,1963,53,1,10,15,5,1.0
315,1,1972,44,1,5,2,5,1.0
316,1,1973,43,0,0,0,0,6.0
317,1,1972.0,44.0,0,0,0,0,6.0
318,1,1935,81,0,0,0,5,1.0
319,1,1965,51,1,18,12,5,1.0
320,1,1956,60,0,0,0,0,6.0
321,1,1985,31,0,0,0,5,1.0
322,1,1976,40,0,0,0,0,6.0
323,1,1963,53,1,1,1,4,99.0
324,1.0,1976,40,0,0,0,0,6.0
325,0,1968.0,48.0,0,0,0,4,99.0
326,0,1970,46,0,0,0,7,4.0
327,1,1979,37,0,0,0,0,6.0
328,1,1975,41,0,0,0,7,4.0
329,0,1979,37,0,0,0,0,6.0
330,1,1984,32,0,0,0,4,99.0
331,1,1951,65,1,8,1,8,3.0
332,1,1951,65,0,0,0,4,99.0
333,0,1976.0,40.0,1,8,3,4,99.0
334,1.0,1982,34,0,0,0,3,13.0
335,1,1950,66,1,10,2,0,6.0
336,1,1984,32,0,0,0,4,99.0
337,1,1972,44,0,0,0,0,6.0
338,1,1976,40,0,0,0,7,4.0
339,1.0,1962,54,0,0,0,7,4.0
340,1,1971,45,0,0,0,7,4.0
341,1,1968,48,0,0,0,7,4.0
342,1,1956,60,0,0,0,4,99.0
343,1,1972,44,0,0,0,0,6.0
344,1,1972.0,44.0,0,0,0,0,6.0
345,1,1974,42,0,0,0,0,6.0
346,1,1958,58,0,0,0,5,1.0
347,1,1965,51,0,0,0,5,1.0
348,1,1965,51,1,19,16,9,2.0
349,0,1987,29,0,0,0,4,99.0
350,1,1978,38,1,8,3,4,99.0
351,1,1972,44,0,0,0,0,6.0
352,1,1975,41,0,0,0,4,99.0
353,1,1964,52,1,3,3,5,1.0
354,1,1972,44,0,0,0,9,2.0
355,1,1979,37,0,0,0,9,2.0
356,1,1983,33,0,0,0,9,2.0
357,1,1981,35,0,0,0,9,2.0
358,0,1965,51,0,0,0,4,99.0
359,1,1980,36,1,15,17,5,1.0
360,1,1985,31,0,0,0,7,4.0
361,1,1983,33,1,8,14,7,4.0
362,1,1984,32,1,1,8,3,13.0
363,1,1976,40,0,0,0,4,99.0
364,1,1971,45,1,20,2,0,6.0
365,1.0,1986,30,0,0,0,4,99.0
366,1,1955,61,0,0,0,4,99.0
367,1,1983,33,1,1,2,0,6.0
368,1,1964,52,1,8,2,4,99.0
369,0,1979,37,0,0,0,0,6.0
370,1.0,1980,36,1,9,6,3,13.0
371,1,1949,67,1,10,2,2,11.0
372,1,1959,57,0,0,0,5,1.0
373,1,1987,29,1,8,1,3,13.0
374,1,1979,37,0,0,0,5,1.0
375,1,1974,42,1,5,2,0,6.0
376,1,1957,59,1,10,18,5,1.0
377,1.0,1984,32,0,0,0,4,99.0
378,1,1975,41,0,0,0,7,4.0
379,1.0,1979,37,0,0,0,7,4.0
380,1.0,1978,38,0,0,0,7,4.0
381,1,1987,29,1,8,1,3,13.0
382,1,1968.0,48.0,0,0,0,4,99.0
383,1,1982,34,0,0,0,2,11.0
384,1.0,1963,53,0,0,0,4,99.0
385,1,1978,38,0,0,0,0,6.0
386,1,1977,39,1,5,1,0,6.0
387,1,1962,54,1,8,7,2,11.0
388,1,1937,79,1,3,19,0,6.0
389,1,1973,43,1,4,8,0,6.0
390,1,1940,76,0,0,0,0,6.0
391,1,1972.0,44.0,0,0,0,0,6.0
392,1,1968,48,0,0,0,0,6.0
393,1,1969,47,0,0,0,2,11.0
394,1,1980,36,1,10,2,4,99.0
395,1,1972,44,0,0,0,0,6.0
396,1,1987,29,1,1,5,0,6.0
397,1.0,1972,44,0,0,0,0,6.0
398,1,1961,55,0,0,0,2,11.0
399,1,1958,58,1,10,19,0,6.0
400,1,1945,71,1,6,5,6,14.0
401,1,1959,57,1,6,2,6,14.0
402,1,1946,70,1,6,2,6,14.0
403,1,1957,59,0,0,0,2,11.0
404,1,1965,51,1,6,2,6,14.0
405,0,1969,47,1,1,1,2,11.0
406,1,1980,36,1,5,7,0,6.0
407,1,1981,35,0,0,0,0,6.0
408,1,1965,51,1,4,12,2,11.0
409,1,1973,43,0,0,0,0,6.0
410,1,1972,44,0,0,0,4,99.0
411,1,1974,42,0,0,0,2,11.0
412,1,1989,27,0,0,0,3,13.0
413,1,1989,27,0,0,0,3,13.0
414,1,1961,55,0,0,0,0,6.0
415,1,1976,40,1,4,19,4,99.0
416,1,1962,54,0,0,0,4,99.0
417,0,1969,47,0,0,0,4,99.0
418,1,1978,38,0,0,0,0,6.0
419,1,1974,42,0,0,0,4,99.0
420,1,1976,40,0,0,0,0,6.0
421,1,1977,39,1,5,1,2,11.0
422,1,1974,42,1,1,6,0,6.0
423,1,1959,57,1,10,8,0,6.0
424,1,1959,57,0,0,0,0,6.0
425,1,1945,71,1,10,8,0,6.0
426,1,1987,29,0,0,0,0,6.0
427,1,1963.0,53.0,1,6,5,0,6.0
428,1,1981,35,0,0,0,4,99.0
429,1,1964,52,1,2,20,2,11.0
430,1,1953,63,0,0,0,4,99.0
431,1,1985,31,1,9,6,3,13.0
432,1,1975,41,0,0,0,2,11.0
433,1,1977,39,0,0,0,4,99.0
434,1,1972.0,44.0,0,0,0,0,6.0
435,1,1959,57,0,0,0,2,11.0
436,1,1968,48,0,0,0,2,11.0
437,1,1969,47,1,3,3,2,11.0
438,1,1946,70,0,0,0,2,11.0
439,1,1947,69,0,0,0,0,6.0
440,1,1977,39,0,0,0,0,6.0
441,1,1976,40,1,2,20,2,11.0
442,1,1976,40,1,8,19,0,6.0
443,1,1981,35,0,0,0,0,6.0
444,1,1978,38,0,0,0,0,6.0
445,0,1974,42,0,0,0,0,6.0
446,1.0,1967,49,0,0,0,9,2.0
447,1,1958,58,1,1,1,2,11.0
448,1,1969,47,0,0,0,0,6.0
449,0,1968.0,48.0,0,0,0,4,99.0
450,1,1968.0,48.0,0,0,0,4,99.0
451,1,1959,57,0,0,0,0,6.0
452,1,1984,32,0,0,0,0,6.0
453,1,1978,38,0,0,0,2,11.0
454,1,1960,56,0,0,0,2,11.0
455,1,1974,42,0,0,0,0,6.0
456,1,1973,43,1,10,19,0,6.0
457,1,1973,43,0,0,0,2,11.0
458,1,1962,54,0,0,0,2,11.0
459,1,1983,33,0,0,0,2,11.0
460,1,1955,61,1,5,1,0,6.0
461,0,1982,34,0,0,0,4,99.0
462,1,1971,45,0,0,0,4,99.0
463,1,1965,51,0,0,0,4,99.0
464,1,1958,58,0,0,0,4,99.0
465,1,1963,53,0,0,0,4,99.0
466,1,1968.0,48.0,0,0,0,4,99.0
467,1,1968.0,48.0,0,0,0,4,99.0
468,1.0,1961,55,0,0,0,0,6.0
469,1,1951,65,0,0,0,0,6.0
470,1,1978,38,1,9,1,3,13.0
471,1,1983,33,0,0,0,3,13.0
472,1,1978,38,0,0,0,3,13.0
473,1,1979,37,1,9,1,3,13.0
474,1,1982,34,1,9,1,3,13.0
475,0,1971,45,1,8,1,8,3.0
476,1,1962,54,0,0,0,4,99.0
477,1,1959,57,0,0,0,4,99.0
478,1,1968.0,48.0,0,0,0,4,99.0
479,1,1953,63,0,0,0,4,99.0
480,1,1941,75,0,0,0,0,6.0
481,1.0,1950,66,0,0,0,0,6.0
482,1,1974,42,0,0,0,0,6.0
483,1.0,1961,55,1,10,8,0,6.0
484,1,1975,41,1,10,2,0,6.0
485,1,1978,38,0,0,0,4,99.0
486,1,1978,38,1,5,8,7,4.0
487,1,1984,32,1,8,2,7,4.0
488,1.0,1979,37,0,0,0,4,99.0
489,1,1983,33,0,0,0,0,6.0
490,1.0,1981,35,1,10,2,7,4.0
491,1,1978,38,0,0,0,7,4.0
492,1,1964.0,52.0,1,15,2,7,4.0
493,1,1965,51,0,0,0,4,99.0
494,1,1978,38,1,1,5,0,6.0
495,1,1964,52,1,15,2,7,4.0
496,1,1969,47,0,0,0,7,4.0
497,1,1982,34,0,0,0,11,5.0
498,1,1964,52,0,0,0,7,4.0
499,1,1977,39,0,0,0,4,99.0
500,1.0,1982,34,0,0,0,4,99.0
501,1,1968.0,48.0,0,0,0,4,99.0
502,1,1986,30,0,0,0,4,99.0
503,1,1984,32,1,10,19,7,4.0
504,1,1983,33,1,10,8,7,4.0
505,1,1979,37,0,0,0,0,6.0
506,1,1986,30,0,0,0,7,4.0
507,1.0,1976,40,0,0,0,7,4.0
508,1,1981,35,1,1,1,0,6.0
509,1,1983,33,0,0,0,3,13.0
510,1,1988,28,1,4,2,3,13.0
511,1,1985,31,0,0,0,4,99.0
512,1,1971,45,1,8,8,4,99.0
513,1,1967,49,0,0,0,10,26.0
514,1,1982,34,0,0,0,2,11.0
515,1,1962,54,0,0,0,5,1.0
516,1,1964,52,0,0,0,5,1.0
517,1,1982,34,0,0,0,5,1.0
518,1,1987,29,0,0,0,5,1.0
519,1,1970,46,0,0,0,5,1.0
520,1,1959,57,0,0,0,5,1.0
521,1,1965,51,0,0,0,5,1.0
522,0,1967,49,0,0,0,5,1.0
523,1,1957,59,0,0,0,4,99.0
524,1,1980,36,1,10,1,0,6.0
525,1,1971,45,1,1,1,2,11.0
526,0,1962,54,0,0,0,4,99.0
527,0,1966,50,0,0,0,4,99.0
528,0,1957,59,0,0,0,4,99.0
529,1,1964,52,0,0,0,4,99.0
530,1,1968,48,1,21,2,0,6.0
531,1.0,1968.0,48.0,0,0,0,4,99.0
532,1.0,1960,56,1,1,6,0,6.0
533,1,1978,38,0,0,0,10,17.0
534,0,1965,51,0,0,0,4,99.0
535,1,1965,51,0,0,0,0,6.0
536,1,1973,43,0,0,0,4,99.0
537,1,1984,32,0,0,0,7,4.0
538,1,1970,46,1,10,19,7,4.0
539,1,1981,35,0,0,0,7,4.0
540,1,1977,39,0,0,0,0,6.0
541,1,1966,50,1,1,19,4,99.0
542,1,1974,42,0,0,0,0,6.0
543,1,1978,38,0,0,0,7,4.0
544,1,1948,68,1,10,2,0,6.0
545,1,1975,41,0,0,0,0,6.0
546,1,1965,51,0,0,0,4,99.0
547,1,1974,42,0,0,0,4,99.0
548,1,1979,37,0,0,0,2,11.0
549,0,1972.0,44.0,0,0,0,0,6.0
550,1,1968,48,0,0,0,2,11.0
551,0,1968,48,0,0,0,0,6.0
552,1,1973,43,1,8,2,7,4.0
553,1,1976,40,0,0,0,11,5.0
554,1,1975,41,0,0,0,7,4.0
555,1,1987,29,0,0,0,4,99.0
556,1,1968.0,48.0,0,0,0,4,99.0
557,1,1967,49,0,0,0,4,99.0
558,1,1950,66,0,0,0,2,11.0
559,1,1985,31,0,0,0,0,6.0
560,0,1971,45,1,5,1,0,6.0
561,1,1975,41,0,0,0,4,99.0
562,1,1974.0,42.0,1,5,2,4,99.0
563,1,1984.0,32.0,1,5,1,1,9.0
564,1,1970,46,1,5,13,0,6.0
565,1,1969,47,1,5,2,0,6.0
566,1,1965.0,51.0,0,0,0,2,11.0
567,1,1982,34,0,0,0,0,6.0
568,1,1982,34,0,0,0,0,6.0
569,1,1977,39,1,5,4,1,9.0
570,1,1972.0,44.0,1,10,7,2,11.0
571,1,1965,51,0,0,0,4,99.0
572,1,1968,48,0,0,0,0,6.0
573,1,1977,39,1,10,19,0,6.0
574,1,1974,42,0,0,0,0,6.0
575,1,1973,43,0,0,0,3,13.0
576,1,1972.0,44.0,0,0,0,0,6.0
577,1,1981,35,0,0,0,4,99.0
578,1,1960,56,0,0,0,4,99.0
579,1,1973,43,1,10,6,0,6.0
580,1,1988,28,0,0,0,4,99.0
581,1,1980,36,1,10,2,4,99.0
582,1,1977,39,1,9,6,3,13.0
583,1,1975,41,1,8,1,2,11.0
584,1,1971,45,0,0,0,0,6.0
585,1,1979,37,0,0,0,0,6.0
586,1,1966,50,1,10,7,5,1.0
587,1,1958,58,0,0,0,4,99.0
588,1,1968,48,0,0,0,0,6.0
589,0,1967,49,0,0,0,0,6.0
590,1.0,1973,43,1,8,13,4,99.0
591,1,1984,32,1,1,13,0,6.0
592,1,1960,56,0,0,0,2,11.0
593,1,1981,35,0,0,0,4,99.0
594,1,1977,39,0,0,0,0,6.0
595,1,1965.0,51.0,0,0,0,2,11.0
596,1,1971,45,0,0,0,0,6.0
597,1,1987,29,1,9,6,3,13.0
598,1,1972,44,1,1,21,5,1.0
599,1,1968.0,48.0,0,0,0,5,1.0
600,1,1978,38,1,1,21,5,1.0
601,1,1981,35,1,1,1,2,11.0
602,1,1961,55,1,5,1,2,11.0
603,1,1974,42,0,0,0,4,99.0
604,1,1979,37,0,0,0,4,99.0
605,1,1968.0,48.0,0,0,0,4,99.0
606,1,1987,29,0,0,0,4,99.0
607,1,1986,30,0,0,0,3,13.0
608,1,1985,31,0,0,0,3,13.0
609,1,1968,48,1,4,8,9,2.0
610,1,1979,37,1,8,3,4,99.0
611,1,1960,56,0,0,0,5,1.0
612,1,1980,36,0,0,0,4,99.0
613,1,1978,38,0,0,0,0,6.0
614,1,1975,41,1,5,1,0,6.0
615,1,1982,34,1,5,1,0,6.0
616,1,1979,37,0,0,0,4,99.0
617,1,1941,75,1,10,1,4,99.0
618,0,1955,61,1,6,1,0,6.0
619,1,1966,50,1,22,8,4,99.0
620,1,1975,41,1,5,1,0,6.0
621,1,1965,51,0,0,0,0,6.0
622,1,1959,57,0,0,0,2,11.0
623,0,1957,59,1,1,1,0,6.0
624,1,1967,49,1,21,22,5,1.0
625,1,1955,61,0,0,0,4,99.0
626,1,1982,34,1,9,6,3,13.0
627,1,1967,49,1,10,23,5,1.0
628,1,1980,36,0,0,0,0,6.0
629,0,1966,50,0,0,0,0,6.0
630,0,1969,47,0,0,0,0,6.0
631,1,1982,34,1,9,6,3,13.0
632,1,1970,46,1,5,1,0,6.0
633,1,1975,41,0,0,0,0,6.0
634,0,1971,45,0,0,0,0,6.0
635,1,1975,41,1,10,2,7,4.0
636,1,1968.0,48.0,0,0,0,4,99.0
637,1,1986,30,1,1,13,0,6.0
638,1,1965,51,1,10,24,7,4.0
639,1,1981,35,1,1,2,0,6.0
640,1,1976,40,0,0,0,0,6.0
641,1,1945,71,0,0,0,4,99.0
642,1,1976,40,0,0,0,4,99.0
643,1,1963,53,0,0,0,4,99.0
644,1,1974,42,0,0,0,4,99.0
645,1,1985,31,0,0,0,0,6.0
646,1,1984,32,0,0,0,4,99.0
647,1.0,1943,73,0,0,0,0,6.0
648,1,1946,70,0,0,0,0,6.0
649,1,1965,51,0,0,0,5,1.0
650,1,1973,43,0,0,0,7,4.0
651,1,1977,39,1,10,2,0,6.0
652,1,1979,37,0,0,0,0,6.0
653,1,1974,42,0,0,0,0,6.0
654,1,1985,31,1,9,6,3,13.0
655,1,1974,42,0,0,0,0,6.0
656,1,1968.0,48.0,0,0,0,4,99.0
657,1,1982,34,1,9,6,0,6.0
658,1,1950,66,1,17,1,10,37.0
659,1,1956,60,1,1,1,0,6.0
660,1,1984,32,1,9,6,3,13.0
661,1,1972,44,1,4,1,3,13.0
662,1,1971,45,0,0,0,3,13.0
663,1.0,1925,91,0,0,0,4,99.0
664,0,1961,55,0,0,0,4,99.0
665,1,1953,63,0,0,0,4,99.0
666,1,1968,48,0,0,0,0,6.0
667,1,1986,30,1,1,2,0,6.0
668,1,1960,56,1,5,25,2,11.0
669,1,1968.0,48.0,0,0,0,4,99.0
670,1,1971,45,0,0,0,4,99.0
671,1,1971.0,45.0,1,8,1,4,99.0
672,1,1972.0,44.0,1,10,23,7,4.0
673,1,1987,29,1,8,1,3,13.0
674,1.0,1985,31,0,0,0,4,99.0
675,1,1959,57,1,8,2,1,9.0
676,1,1985,31,1,8,2,0,6.0
677,1,1979,37,1,1,2,0,6.0
678,1,1966,50,0,0,0,2,11.0
679,1,1966,50,0,0,0,4,99.0
680,1,1959,57,0,0,0,0,6.0
681,1,1933,83,0,0,0,0,6.0
682,1,1982,34,0,0,0,0,6.0
683,0,1935,81,0,0,0,0,6.0
684,1,1957,59,0,0,0,0,6.0
685,1,1960,56,1,23,8,0,6.0
686,1,1984,32,0,0,0,4,99.0
687,1,1956,60,1,4,19,9,2.0
688,1,1975,41,0,0,0,0,6.0
689,1.0,1984,32,1,11,5,4,99.0
690,1,1977,39,0,0,0,7,4.0
691,1,1973,43,0,0,0,4,99.0
692,1,1976,40,1,5,26,0,6.0
693,0,1976,40,0,0,0,7,4.0
694,1,1968,48,0,0,0,7,4.0
695,1,1976,40,1,10,19,7,4.0
696,1,1979,37,1,8,2,7,4.0
697,0,1985,31,0,0,0,7,4.0
698,1,1975,41,0,0,0,4,99.0
699,1,1952,64,0,0,0,4,99.0
700,1.0,1941,75,0,0,0,4,99.0
701,1,1964,52,1,24,1,10,39.0
702,1,1965,51,0,0,0,4,99.0
703,1,1953,63,0,0,0,0,6.0
704,1,1968,48,1,8,1,0,6.0
705,1,1962,54,0,0,0,4,99.0
706,1,1970,46,0,0,0,4,99.0
707,1,1970,46,1,10,2,0,6.0
708,1,1945,71,0,0,0,4,99.0
709,1,1967,49,1,8,8,2,11.0
710,1,1968,48,0,0,0,4,99.0
711,1,1971,45,1,10,2,0,6.0
712,1,1954,62,0,0,0,0,6.0
713,1,1968,48,1,9,6,2,11.0
714,0,1962,54,0,0,0,4,99.0
715,1,1955,61,0,0,0,4,99.0
716,1,1969,47,0,0,0,4,99.0
717,1,1942,74,1,11,1,0,6.0
718,1,1942,74,1,25,1,4,99.0
719,1,1984,32,0,0,0,11,5.0
720,1,1974,42,0,0,0,4,99.0
721,1.0,1974,42,1,10,27,9,2.0
722,1,1947,69,0,0,0,4,99.0
723,1,1974.0,42.0,1,4,2,4,99.0
724,0,1971,45,0,0,0,9,2.0
725,1,1980,36,0,0,0,0,6.0
726,1,1954,62,1,1,1,0,6.0
727,1,1954,62,0,0,0,2,11.0
728,1,1960,56,1,26,28,10,20.0
729,1,1969,47,1,8,2,2,11.0
730,1,1967,49,0,0,0,4,99.0
731,1,1975,41,0,0,0,7,4.0
732,1,1967,49,1,1,2,2,11.0
733,1,1962,54,1,15,17,5,1.0
734,1,1967,49,0,0,0,4,99.0
735,1,1968,48,0,0,0,8,3.0
736,0,1968.0,48.0,0,0,0,4,99.0
737,0,1970,46,1,10,7,8,3.0
738,1,1966,50,1,10,6,8,3.0
739,1.0,1968,48,1,10,6,8,3.0
740,1,1976,40,0,0,0,0,6.0
741,1,1950,66,1,1,2,0,6.0
742,0,1968.0,48.0,0,0,0,4,99.0
743,1,1980,36,0,0,0,4,99.0
744,1,1989,27,1,4,2,3,13.0
745,1,1971,45,1,4,8,9,2.0
746,1,1967,49,0,0,0,0,6.0
747,1,1960,56,0,0,0,0,6.0
748,1,1976,40,0,0,0,4,99.0
749,1,1957,59,1,1,2,4,99.0
750,1,1986,30,0,0,0,4,99.0
751,1.0,1985,31,1,4,2,3,13.0
752,1,1977,39,0,0,0,3,13.0
753,1,1971,45,1,1,2,1,9.0
754,1,1966,50,1,8,8,2,11.0
755,1,1952,64,1,8,7,2,11.0
756,1,1969,47,1,8,1,2,11.0
757,1,1977,39,1,10,2,0,6.0
758,1,1983,33,1,9,6,3,13.0
759,1,1983,33,1,1,13,0,6.0
760,1,1977,39,1,8,6,2,11.0
761,1,1968.0,48.0,0,0,0,5,1.0
762,1,1978,38,0,0,0,4,99.0
763,1,1982,34,0,0,0,0,6.0
764,1,1985,31,0,0,0,4,99.0
765,1,1981,35,1,1,1,0,6.0
766,1,1979,37,0,0,0,0,6.0
767,1,1972,44,0,0,0,7,4.0
768,1,1983,33,0,0,0,7,4.0
769,1,1973,43,0,0,0,2,11.0
770,1.0,1981,35,1,9,6,3,13.0
771,0,1965.0,51.0,0,0,0,2,11.0
772,1,1951,65,0,0,0,4,99.0
773,1.0,1952,64,0,0,0,4,99.0
774,1,1958,58,0,0,0,4,99.0
775,1,1971,45,1,9,5,2,11.0
776,1,1977,39,0,0,0,0,6.0
777,1,1939,77,1,10,1,4,99.0
778,1,1985,31,0,0,0,4,99.0
779,1,1982,34,0,0,0,0,6.0
780,1,1960,56,1,5,1,0,6.0
781,1,1951,65,1,5,1,0,6.0
782,1,1982,34,1,10,7,0,6.0
783,1,1974,42,0,0,0,7,4.0
784,0,1989,27,1,4,2,3,13.0
785,1,1977,39,0,0,0,0,6.0
786,0,1952,64,1,10,2,0,6.0
787,1,1951,65,0,0,0,0,6.0
788,0,1965,51,0,0,0,2,11.0
789,1,1971,45,1,8,1,2,11.0
790,1,1976,40,0,0,0,0,6.0
791,1,1957,59,0,0,0,4,99.0
792,1,1972,44,1,1,29,2,11.0
793,1,1968.0,48.0,0,0,0,4,99.0
794,1,1976,40,1,5,4,1,9.0
795,1,1969,47,1,2,5,1,9.0
796,1,1979,37,0,0,0,4,99.0
797,1,1971.0,45.0,1,8,2,4,99.0
798,1,1959,57,1,1,2,2,11.0
799,1,1965,51,0,0,0,0,6.0
800,1,1979,37,1,5,1,0,6.0
801,1,1962,54,0,0,0,0,6.0
802,1,1976,40,1,1,1,0,6.0
803,1,1978,38,0,0,0,0,6.0
804,1,1975,41,1,4,3,0,6.0
805,1,1981,35,1,9,6,3,13.0
806,1,1965,51,0,0,0,5,1.0
807,1,1974,42,1,8,3,4,99.0
808,1,1977,39,0,0,0,4,99.0
809,1,1967,49,1,27,19,5,1.0
810,1,1984,32,1,8,1,3,13.0
811,1,1970,46,0,0,0,4,99.0
812,1,1967,49,0,0,0,2,11.0
813,1,1968,48,1,6,2,4,99.0
814,1,1980,36,0,0,0,0,6.0
815,1,1943,73,1,21,1,0,6.0
816,1,1973,43,1,6,5,0,6.0
817,1,1977,39,0,0,0,0,6.0
818,1,1976,40,1,1,1,0,6.0
819,1,1972,44,0,0,0,0,6.0
820,1,1966,50,1,5,1,10,24.0
821,1,1978,38,0,0,0,0,6.0
822,1,1985,31,0,0,0,4,99.0
823,1,1968.0,48.0,0,0,0,4,99.0
824,1,1927,89,1,3,19,0,6.0
825,1,1954,62,1,6,2,5,1.0
826,1,1955,61,0,0,0,10,25.0
827,1,1983,33,0,0,0,4,99.0
828,1,1985,31,1,9,6,3,13.0
829,1,1973,43,0,0,0,0,6.0
830,1,1973,43,0,0,0,4,99.0
831,1,1958,58,1,11,1,2,11.0
832,1.0,1968.0,48.0,0,0,0,4,99.0
833,1,1967,49,1,5,4,1,9.0
834,1.0,1977,39,0,0,0,4,99.0
835,1,1924,92,0,0,0,0,6.0
836,1,1949,67,0,0,0,2,11.0
837,1,1975,41,1,10,1,0,6.0
838,1,1968.0,48.0,0,0,0,4,99.0
839,1,1971,45,0,0,0,0,6.0
840,1,1959,57,0,0,0,4,99.0
841,1,1949,67,0,0,0,2,11.0
842,1,1951,65,1,2,2,2,11.0
843,1,1979,37,1,5,1,0,6.0
844,1,1986,30,0,0,0,4,99.0
845,1,1962,54,1,10,23,5,1.0
846,1,1957,59,0,0,0,4,99.0
847,1,1971,45,0,0,0,4,99.0
848,1,1978,38,0,0,0,5,1.0
849,1,1954,62,1,10,6,0,6.0
850,1,1982,34,0,0,0,0,6.0
851,1,1962,54,0,0,0,2,11.0
852,1,1958,58,0,0,0,4,99.0
853,0,1928,88,0,0,0,4,99.0
854,1,1968.0,48.0,0,0,0,4,99.0
855,1,1963,53,1,1,1,0,6.0
856,1.0,1979,37,0,0,0,0,6.0
857,1,1935,81,0,0,0,11,5.0
858,1,1947,69,1,8,6,0,6.0
859,1,1970,46,0,0,0,0,6.0
860,1,1972,44,0,0,0,7,4.0
861,1,1981,35,0,0,0,0,6.0
862,1,1964,52,0,0,0,4,99.0
863,1,1966,50,1,5,19,10,18.0
864,1,1968.0,48.0,0,0,0,4,99.0
865,1,1979,37,1,4,19,9,2.0
866,1,1944,72,0,0,0,9,2.0
867,1.0,1970,46,0,0,0,4,99.0
868,1,1979,37,1,2,19,1,9.0
869,1,1959,57,0,0,0,0,6.0
870,1,1985,31,0,0,0,3,13.0
871,1,1954,62,1,2,19,1,9.0
872,0,1989,27,1,1,5,0,6.0
873,1.0,1964.0,52.0,1,15,2,7,4.0
874,1,1978,38,0,0,0,0,6.0
875,1.0,1968.0,48.0,0,0,0,4,99.0
876,1.0,1968.0,48.0,0,0,0,4,99.0
877,1,1952,64,0,0,0,0,6.0
878,1,1982,34,1,8,1,3,13.0
879,1,1978,38,0,0,0,7,4.0
880,1,1985,31,0,0,0,7,4.0
881,0,1968.0,48.0,0,0,0,4,99.0
882,1,1985,31,1,9,6,3,13.0
883,1,1979,37,1,10,1,8,3.0
884,1,1981,35,1,10,1,8,3.0
885,1,1970.0,46.0,1,1,1,4,99.0
886,1,1953,63,1,4,19,0,6.0
887,1,1975,41,1,8,6,0,6.0
888,1.0,1964.0,52.0,1,10,19,4,99.0
889,1,1968.0,48.0,0,0,0,4,99.0
890,1,1947,69,0,0,0,4,99.0
891,1,1957,59,0,0,0,4,99.0
892,1,1961,55,1,28,5,5,1.0
893,1,1975,41,0,0,0,0,6.0
894,1,1978,38,0,0,0,0,6.0
895,1,1984,32,0,0,0,7,4.0
896,1,1980,36,1,9,6,3,13.0
897,1,1979,37,0,0,0,7,4.0
898,1,1975,41,0,0,0,7,4.0
899,1,1968,48,1,10,30,7,4.0
900,1,1976,40,0,0,0,4,99.0
901,1.0,1962,54,1,15,30,7,4.0
902,1,1973,43,0,0,0,7,4.0
903,1,1984,32,0,0,0,4,99.0
904,1,1980,36,0,0,0,9,2.0
905,1,1990,26,1,9,6,3,13.0
906,1,1978,38,0,0,0,0,6.0
907,1,1984,32,1,1,2,0,6.0
908,1,1967,49,0,0,0,4,99.0
909,1,1968.0,48.0,0,0,0,4,99.0
910,1,1972,44,1,8,3,4,99.0
911,1,1965.0,51.0,0,0,0,2,11.0
912,1,1976,40,0,0,0,0,6.0
913,0,1968.0,48.0,0,0,0,4,99.0
914,1,1953,63,0,0,0,4,99.0
915,1,1973,43,0,0,0,4,99.0
916,1,1970,46,1,2,2,2,11.0
917,1,1970,46,1,2,2,2,11.0
918,1,1975,41,0,0,0,0,6.0
919,1,1961,55,1,8,6,4,99.0
920,1.0,1972.0,44.0,1,10,24,7,4.0
921,1,1977,39,0,0,0,7,4.0
922,1,1970,46,1,4,19,9,2.0
923,1,1972.0,44.0,0,0,0,0,6.0
924,1,1969,47,0,0,0,4,99.0
925,1,1972.0,44.0,0,0,0,0,6.0
926,1,1983,33,1,10,28,7,4.0
927,1,1985,31,0,0,0,7,4.0
928,1,1988,28,0,0,0,7,4.0
929,1,1977,39,0,0,0,0,6.0
930,1,1963,53,0,0,0,7,4.0
931,1,1969,47,0,0,0,7,4.0
932,1.0,1969,47,0,0,0,5,1.0
933,1,1987,29,1,8,1,3,13.0
934,1,1976,40,0,0,0,4,99.0
935,1,1954,62,1,4,19,9,2.0
936,1,1981,35,0,0,0,0,6.0
937,1,1961,55,0,0,0,4,99.0
938,1,1981,35,0,0,0,4,99.0
939,1,1982,34,0,0,0,0,6.0
940,1,1958,58,0,0,0,0,6.0
941,1,1972,44,1,1,31,0,6.0
942,1,1978,38,0,0,0,2,11.0
943,1,1960,56,0,0,0,7,4.0
944,1,1978,38,0,0,0,0,6.0
945,1,1973,43,0,0,0,0,6.0
946,1,1951,65,0,0,0,4,99.0
947,1,1967,49,0,0,0,0,6.0
948,1,1976,40,0,0,0,0,6.0
949,1,1976,40,0,0,0,7,4.0
950,1,1962,54,1,2,2,1,9.0
951,1,1980,36,1,10,23,7,4.0
952,1.0,1979,37,0,0,0,4,99.0
953,1,1974,42,1,10,1,0,6.0
954,1,1979,37,0,0,0,0,6.0
955,1,1983,33,0,0,0,3,13.0
956,1,1986,30,0,0,0,7,4.0
957,1,1985,31,1,10,2,3,13.0
958,1,1954,62,1,10,32,7,4.0
959,1,1968,48,1,19,2,9,2.0
960,1.0,1959,57,1,10,33,7,4.0
961,1.0,1968.0,48.0,0,0,0,4,99.0
962,1,1978,38,1,10,2,7,4.0
963,1.0,1982,34,1,9,2,3,13.0
964,1,1981,35,0,0,0,4,99.0
965,1,1975,41,1,15,2,0,6.0
966,1,1970,46,1,1,1,4,99.0
967,1,1979,37,0,0,0,0,6.0
968,1,1984,32,0,0,0,4,99.0
969,1,1980,36,1,8,19,0,6.0
970,1,1973,43,0,0,0,4,99.0
971,1,1962,54,0,0,0,4,99.0
972,1,1972,44,0,0,0,2,11.0
973,1,1963,53,0,0,0,9,2.0
974,1,1967,49,0,0,0,4,99.0
975,1,1960,56,1,1,2,0,6.0
976,1,1975,41,1,5,1,0,6.0
977,1,1974,42,1,5,1,0,6.0
978,0,1964,52,0,0,0,4,99.0
979,1,1973,43,0,0,0,0,6.0
980,1,1969,47,0,0,0,0,6.0
981,1,1963,53,0,0,0,4,99.0
982,1,1987,29,0,0,0,4,99.0
983,1,1983,33,1,10,2,4,99.0
984,1,1968.0,48.0,0,0,0,4,99.0
985,1,1959,57,0,0,0,0,6.0
986,1,1975,41,0,0,0,4,99.0
987,1,1984,32,0,0,0,4,99.0
988,1,1966,50,0,0,0,4,99.0
989,1,1976,40,0,0,0,0,6.0
990,1,1966,50,0,0,0,0,6.0
991,1.0,1966,50,0,0,0,9,2.0
992,0,1964,52,0,0,0,0,6.0
993,1,1986,30,0,0,0,4,99.0
994,1,1958,58,0,0,0,4,99.0
995,1,1984,32,1,8,13,0,6.0
996,1,1974,42,1,3,3,5,1.0
997,1,1977,39,0,0,0,0,6.0
998,1,1947,69,1,6,7,2,11.0
999,1,1975,41,0,0,0,0,6.0
1000,1,1969,47,0,0,0,5,1.0
1001,1.0,1968.0,48.0,0,0,0,4,99.0
1002,1,1982,34,0,0,0,0,6.0
1003,1,1972,44,1,10,19,2,11.0
1004,0,1978,38,1,8,19,0,6.0
1005,1,1956,60,0,0,0,9,2.0
1006,1,1986,30,0,0,0,4,99.0
1007,1,1959,57,0,0,0,9,2.0
1008,1,1976,40,0,0,0,9,2.0
1009,1,1976,40,0,0,0,9,2.0
1010,1,1956,60,0,0,0,9,2.0
1011,0,1959,57,0,0,0,9,2.0
1012,1,1972.0,44.0,0,0,0,0,6.0
1013,1,1975,41,0,0,0,0,6.0
1014,1,1962,54,0,0,0,0,6.0
1015,1,1981,35,1,1,1,0,6.0
1016,1,1983,33,0,0,0,7,4.0
1017,1,1956,60,0,0,0,4,99.0
1018,1,1958,58,0,0,0,5,1.0
1019,1,1962,54,0,0,0,4,99.0
1020,1,1973,43,1,8,2,0,6.0
1021,1,1961,55,1,29,19,2,11.0
1022,1,1959,57,0,0,0,9,2.0
1023,0,1968.0,48.0,0,0,0,4,99.0
1024,1,1975,41,1,30,5,0,6.0
1025,1,1974,42,1,1,2,0,6.0
1026,0,1947,69,1,5,34,0,6.0
1027,1,1981,35,0,0,0,0,6.0
1028,1,1953,63,1,1,2,0,6.0
1029,1,1985,31,0,0,0,4,99.0
1030,1,1972.0,44.0,0,0,0,0,6.0
1031,1,1978,38,0,0,0,0,6.0
1032,1,1983,33,1,9,6,3,13.0
1033,1,1960,56,0,0,0,4,99.0
1034,1,1962,54,1,10,23,5,1.0
1035,1,1972,44,0,0,0,0,6.0
1036,1,1968,48,1,3,3,5,1.0
1037,1,1968.0,48.0,0,0,0,4,99.0
1038,1,1952,64,1,23,8,0,6.0
1039,1,1967,49,0,0,0,2,11.0
1040,1,1983,33,0,0,0,4,99.0
1041,1,1971,45,0,0,0,4,99.0
1042,1,1962,54,0,0,0,4,99.0
1043,1,1973,43,1,8,2,4,99.0
1044,0,1963,53,0,0,0,4,99.0
1045,1,1957,59,0,0,0,4,99.0
1046,0,1960,56,0,0,0,4,99.0
1047,1,1968,48,1,10,7,5,1.0
1048,1.0,1982,34,0,0,0,0,6.0
1049,1,1971,45,0,0,0,0,6.0
1050,1,1950,66,1,31,7,0,6.0
1051,1.0,1986,30,1,9,7,3,13.0
1052,0,1967,49,0,0,0,0,6.0
1053,1,1954,62,1,1,7,5,1.0
1054,0,1983,33,0,0,0,4,99.0
1055,1,1985,31,1,32,29,3,13.0
1056,1,1974,42,1,11,8,0,6.0
1057,1,1982,34,0,0,0,0,6.0
1058,0,1953,63,1,10,1,8,3.0
1059,0,1970,46,1,2,7,0,6.0
1060,1,1985,31,1,1,5,0,6.0
1061,1,1961,55,1,10,8,0,6.0
1062,1,1966,50,1,4,8,4,99.0
1063,1,1958,58,0,0,0,4,99.0
1064,1,1942,74,0,0,0,4,99.0
1065,1,1969,47,0,0,0,0,6.0
1066,1.0,1965,51,0,0,0,4,99.0
1067,1,1978,38,0,0,0,0,6.0
1068,1,1970,46,1,8,1,4,99.0
1069,1,1973,43,0,0,0,0,6.0
1070,1,1979,37,0,0,0,4,99.0
1071,1,1982,34,0,0,0,4,99.0
1072,1,1959,57,0,0,0,2,11.0
1073,1,1975,41,0,0,0,0,6.0
1074,1,1984,32,1,9,6,3,13.0
1075,1,1969,47,1,33,2,0,6.0
1076,1,1965,51,1,1,1,0,6.0
1077,1,1969,47,0,0,0,5,1.0
1078,1,1967,49,0,0,0,5,1.0
1079,0,1967,49,1,10,23,5,1.0
1080,0,1965,51,1,28,35,5,1.0
1081,1,1980,36,0,0,0,4,99.0
1082,0,1962,54,1,28,35,5,1.0
1083,0,1963,53,0,0,0,4,99.0
1084,1,1952,64,1,10,7,5,1.0
1085,1,1966,50,0,0,0,4,99.0
1086,1,1957,59,0,0,0,0,6.0
1087,0,1966,50,0,0,0,5,1.0
1088,0,1985,31,0,0,0,4,99.0
1089,1,1966,50,1,1,1,0,6.0
1090,1,1969,47,1,10,6,0,6.0
1091,1,1973,43,1,8,1,2,11.0
1092,1,1978,38,1,1,6,0,6.0
1093,1,1987,29,0,0,0,4,99.0
1094,1,1980,36,0,0,0,0,6.0
1095,1,1972,44,1,8,8,4,99.0
1096,1.0,1962,54,1,4,2,4,99.0
1097,1,1966,50,1,8,6,0,6.0
1098,0,1972,44,0,0,0,5,1.0
1099,1,1972,44,1,13,21,5,1.0
1100,1,1971,45,1,1,2,4,99.0
1101,0,1970,46,1,8,6,4,99.0
1102,1,1975,41,0,0,0,0,6.0
1103,1,1973.0,43.0,1,10,2,7,4.0
1104,1,1968.0,48.0,0,0,0,4,99.0
1105,1,1969.0,47.0,1,9,6,2,11.0
1106,1,1972.0,44.0,0,0,0,0,6.0
1107,1,1961.0,55.0,1,27,8,0,6.0
1108,1,1968.0,48.0,0,0,0,4,99.0
1109,1,1972.0,44.0,0,0,0,0,6.0
1110,1,1971.0,45.0,1,8,2,4,99.0
1111,1,1969.0,47.0,1,9,6,2,11.0
1112,1,1965.0,51.0,0,0,0,2,11.0
1113,1,1972.0,44.0,0,0,0,0,6.0
1114,1,1961.0,55.0,1,27,8,0,6.0
1115,1,1972.0,44.0,0,0,0,0,6.0
1116,1,1972.0,44.0,0,0,0,0,6.0
1117,1,1972.0,44.0,0,0,0,0,6.0
1118,1,1963,53,0,0,0,2,11.0
1119,1,1981,35,1,1,13,0,6.0
1120,0,1965,51,1,5,1,0,6.0
1121,1.0,1968.0,48.0,0,0,0,4,99.0
1122,1,1968,48,1,9,7,3,13.0
1123,1,1984,32,0,0,0,3,13.0
1124,1,1974.0,42.0,1,8,36,1,9.0
1125,1.0,1980,36,1,9,6,3,13.0
1126,1,1972,44,1,5,1,0,6.0
1127,1,1968.0,48.0,0,0,0,4,99.0
1128,1,1965.0,51.0,0,0,0,2,11.0
1129,1,1966,50,0,0,0,4,99.0
1130,1,1956,60,1,10,15,4,99.0
1131,1,1977,39,0,0,0,4,99.0
1132,1,1987,29,0,0,0,0,6.0
1133,1.0,1968,48,1,5,1,0,6.0
1134,0,1949,67,0,0,0,4,99.0
1135,1,1965.0,51.0,0,0,0,2,11.0
1136,1,1974,42,1,1,1,0,6.0
1137,0,1968.0,48.0,0,0,0,4,99.0
1138,1.0,1964,52,1,23,8,5,1.0
1139,1,1968,48,0,0,0,0,6.0
1140,1,1965,51,0,0,0,0,6.0
1141,1,1953,63,0,0,0,4,99.0
1142,1,1953,63,1,1,6,5,1.0
1143,1.0,1958,58,0,0,0,0,6.0
1144,1,1964,52,0,0,0,2,11.0
1145,1,1972,44,1,34,7,0,6.0
1146,1,1974,42,0,0,0,0,6.0
1147,1,1958,58,0,0,0,4,99.0
1148,1,1971,45,0,0,0,4,99.0
1149,1,1979,37,1,1,1,0,6.0
1150,1,1976,40,1,2,1,0,6.0
1151,1,1976,40,1,2,1,0,6.0
1152,1,1959,57,0,0,0,0,6.0
1153,1,1944,72,1,10,1,4,99.0
1154,1,1965,51,1,5,1,2,11.0
1155,1,1960,56,0,0,0,4,99.0
1156,0,1964,52,0,0,0,0,6.0
1157,1,1980,36,0,0,0,0,6.0
1158,1,1962,54,0,0,0,7,4.0
1159,1,1974.0,42.0,1,8,1,0,6.0
1160,1,1953,63,1,8,1,0,6.0
1161,1,1963,53,1,10,34,5,1.0
1162,1,1965.0,51.0,0,0,0,2,11.0
1163,1,1976,40,1,5,4,1,9.0
1164,1.0,1965,51,1,10,34,7,4.0
1165,1,1977,39,1,10,8,7,4.0
1166,1,1967,49,1,30,1,0,6.0
1167,1,1954,62,1,8,1,8,3.0
1168,1,1986,30,0,0,0,3,13.0
1169,1,1965,51,0,0,0,0,6.0
1170,1,1962,54,0,0,0,4,99.0
1171,1,1949,67,1,10,23,5,1.0
1172,1.0,1987,29,1,1,8,4,99.0
1173,1,1985,31,1,1,8,4,99.0
1174,1,1981,35,1,2,2,1,9.0
1175,0,1960,56,0,0,0,4,99.0
1176,1,1955,61,0,0,0,4,99.0
1177,1,1984,32,1,8,1,3,13.0
1178,1,1977,39,0,0,0,0,6.0
1179,1,1974,42,0,0,0,0,6.0
1180,1.0,1977,39,1,6,2,9,2.0
1181,1.0,1979,37,1,6,2,9,2.0
1182,1,1950,66,1,3,8,9,2.0
1183,1,1971,45,1,10,23,5,1.0
1184,1,1938,78,1,5,4,1,9.0
1185,1,1968.0,48.0,0,0,0,4,99.0
1186,1,1953,63,0,0,0,4,99.0
1187,1.0,1974,42,0,0,0,4,99.0
1188,1,1975,41,0,0,0,0,6.0
1189,1,1968.0,48.0,0,0,0,4,99.0
1190,1,1972,44,0,0,0,0,6.0
1191,1,1984,32,0,0,0,0,6.0
1192,1,1968,48,1,10,6,0,6.0
1193,1,1963,53,1,9,6,10,27.0
1194,1,1970,46,1,1,1,10,28.0
1195,1,1959,57,1,9,7,10,14.0
1196,1.0,1968,48,1,1,7,0,6.0
1197,1.0,1962.0,54.0,1,8,36,4,99.0
1198,1.0,1947,69,0,0,0,0,6.0
1199,0,1945,71,0,0,0,0,6.0
1200,1.0,1975,41,0,0,0,4,99.0
1201,1,1984,32,1,9,6,3,13.0
1202,1,1937,79,0,0,0,4,99.0
1203,0,1975,41,0,0,0,0,6.0
1204,1,1975,41,0,0,0,0,6.0
1205,1,1983,33,1,1,8,2,11.0
1206,1,1968.0,48.0,0,0,0,4,99.0
1207,1,1974,42,1,8,6,0,6.0
1208,1,1944,72,0,0,0,4,99.0
1209,1,1959,57,0,0,0,0,6.0
1210,1,1982,34,0,0,0,0,6.0
1211,1,1946,70,0,0,0,2,11.0
1212,0,1953,63,0,0,0,4,99.0
1213,1,1952,64,0,0,0,4,99.0
1214,1,1953,63,0,0,0,0,6.0
1215,1,1972,44,0,0,0,4,99.0
1216,1,1972,44,1,10,8,0,6.0
1217,1,1963,53,1,8,8,2,11.0
1218,1,1973,43,0,0,0,0,6.0
1219,1,1971,45,1,8,1,8,3.0
1220,1.0,1978,38,0,0,0,4,99.0
1221,1.0,1970,46,1,5,2,4,99.0
1222,1,1967,49,1,5,6,0,6.0
1223,1,1980,36,1,5,1,0,6.0
1224,1,1981,35,0,0,0,0,6.0
1225,1,1960,56,0,0,0,4,99.0
1226,1,1970,46,1,10,2,4,99.0
1227,1,1976,40,0,0,0,0,6.0
1228,1,1971,45,0,0,0,4,99.0
1229,1,1958,58,1,8,6,0,6.0
1230,1.0,1984,32,0,0,0,4,99.0
1231,1,1987,29,1,5,2,0,6.0
1232,1,1968,48,0,0,0,2,11.0
1233,1,1964,52,0,0,0,0,6.0
1234,1,1981,35,1,9,6,3,13.0
1235,1,1963,53,1,10,6,0,6.0
1236,1,1982,34,0,0,0,4,99.0
1237,1,1968,48,1,5,5,0,6.0
1238,1,1985,31,1,9,37,3,13.0
1239,1,1978,38,0,0,0,0,6.0
1240,1,1979,37,0,0,0,4,99.0
1241,1,1985,31,1,1,5,0,6.0
1242,1,1958,58,1,1,5,0,6.0
1243,1,1965.0,51.0,0,0,0,2,11.0
1244,1,1976,40,0,0,0,0,6.0
1245,1,1954,62,1,10,2,2,11.0
1246,1,1959,57,1,5,2,0,6.0
1247,1,1949,67,1,10,2,0,6.0
1248,1,1979,37,1,8,1,0,6.0
1249,1,1980,36,0,0,0,0,6.0
1250,1,1968,48,1,8,2,0,6.0
1251,1,1968.0,48.0,0,0,0,4,99.0
1252,1,1988,28,1,1,5,0,6.0
1253,1,1964,52,0,0,0,0,6.0
1254,1,1978,38,0,0,0,0,6.0
1255,1,1943,73,0,0,0,0,6.0
1256,1,1974,42,0,0,0,3,13.0
1257,1,1966,50,1,8,1,10,35.0
1258,1,1967,49,0,0,0,0,6.0
1259,1,1968,48,1,10,1,2,11.0
1260,1,1962,54,0,0,0,0,6.0
1261,1,1987,29,0,0,0,4,99.0
1262,1,1968.0,48.0,0,0,0,4,99.0
1263,0,1964,52,1,1,1,0,6.0
1264,1,1975,41,0,0,0,0,6.0
1265,1,1964,52,0,0,0,0,6.0
1266,1,1981,35,0,0,0,8,3.0
1267,1,1975,41,0,0,0,8,3.0
1268,1,1970,46,0,0,0,5,1.0
1269,1,1985,31,1,1,2,0,6.0
1270,1,1973,43,0,0,0,0,6.0
1271,1,1981,35,0,0,0,4,99.0
1272,1,1949,67,0,0,0,4,99.0
1273,1,1973.0,43.0,1,1,2,0,6.0
1274,0,1968.0,48.0,0,0,0,4,99.0
1275,1,1980,36,0,0,0,9,2.0
1276,1,1954,62,0,0,0,9,2.0
1277,1,1965.0,51.0,0,0,0,2,11.0
1278,1,1965,51,1,8,2,4,99.0
1279,1.0,1972,44,0,0,0,0,6.0
1280,1,1983,33,1,8,2,7,4.0
1281,0,1967,49,0,0,0,4,99.0
1282,1,1963,53,1,10,6,0,6.0
1283,1,1982,34,0,0,0,0,6.0
1284,1,1977,39,0,0,0,0,6.0
1285,1,1984,32,0,0,0,0,6.0
1286,1,1957,59,1,8,8,2,11.0
1287,1,1971,45,1,9,6,2,11.0
1288,1,1965,51,1,17,7,2,11.0
1289,1.0,1972.0,44.0,0,0,0,0,6.0
1290,1,1968.0,48.0,0,0,0,4,99.0
1291,1,1989,27,1,4,2,1,9.0
1292,1,1995,21,1,4,2,1,9.0
1293,0,1957,59,1,4,2,1,9.0
1294,1,1990,26,1,4,2,1,9.0
1295,0,1980,36,1,4,2,1,9.0
1296,1,1983,33,1,4,2,1,9.0
1297,0,1982,34,1,4,2,1,9.0
1298,1,1989,27,1,4,2,1,9.0
1299,1,1986,30,1,4,2,1,9.0
1300,1,1987,29,1,4,2,1,9.0
1301,0,1976,40,1,4,2,1,9.0
1302,0,1978,38,1,4,2,1,9.0
1303,1,1981,35,1,4,2,1,9.0
1304,1,1992,24,1,4,2,1,9.0
1305,0,1985,31,1,4,2,1,9.0
1306,1,1986,30,1,4,2,3,13.0
1307,1,1946,70,1,2,2,1,9.0
1308,1,1956,60,0,0,0,5,1.0
1309,1,1968.0,48.0,0,0,0,4,99.0
1310,1,1959,57,1,5,1,0,6.0
1311,1,1972,44,0,0,0,4,99.0
1312,1,1970,46,0,0,0,10,23.0
1313,1,1977,39,1,26,5,10,22.0
1314,1,1975,41,0,0,0,2,11.0
1315,1,1981,35,1,9,6,3,13.0
1316,1,1976,40,0,0,0,3,13.0
1317,1,1976,40,0,0,0,4,99.0
1318,1.0,1968.0,48.0,0,0,0,4,99.0
1319,1,1982,34,0,0,0,4,99.0
1320,1,1966,50,0,0,0,0,6.0
1321,1,1962,54,0,0,0,4,99.0
1322,1.0,1986,30,0,0,0,4,99.0
1323,1,1961,55,1,5,6,0,6.0
1324,1,1981,35,0,0,0,4,99.0
1325,0,1966,50,1,6,16,9,2.0
1326,1,1956,60,1,10,6,0,6.0
1327,1,1964,52,1,10,7,0,6.0
1328,1,1970,46,1,1,2,0,6.0
1329,1,1980,36,0,0,0,3,13.0
1330,1,1961,55,1,8,8,4,99.0
1331,1,1954,62,0,0,0,4,99.0
1332,1,1960,56,0,0,0,4,99.0
1333,1,1968,48,0,0,0,2,11.0
1334,1,1969,47,0,0,0,0,6.0
1335,1,1955,61,0,0,0,4,99.0
1336,1,1986,30,0,0,0,4,99.0
1337,0,1984,32,0,0,0,4,99.0
1338,1,1948,68,0,0,0,4,99.0
1339,1,1960,56,0,0,0,4,99.0
1340,1,1981,35,1,9,7,3,13.0
1341,1.0,1968.0,48.0,0,0,0,4,99.0
1342,1,1964,52,1,8,1,8,3.0
1343,1,1977,39,0,0,0,0,6.0
1344,1,1941,75,0,0,0,4,99.0
1345,1,1965,51,0,0,0,4,99.0
1346,0,1963,53,0,0,0,4,99.0
1347,1,1966,50,1,8,2,4,99.0
1348,1,1962,54,0,0,0,2,11.0
1349,1,1974,42,0,0,0,0,6.0
1350,1,1963,53,0,0,0,2,11.0
1351,1,1971,45,0,0,0,0,6.0
1352,1,1982,34,0,0,0,0,6.0
1353,1,1974,42,0,0,0,0,6.0
1354,1,1953,63,0,0,0,4,99.0
1355,1,1964,52,1,6,38,1,9.0
1356,0,1980,36,0,0,0,4,99.0
1357,0,1974,42,0,0,0,4,99.0
1358,1,1965,51,1,1,2,0,6.0
1359,1,1977,39,1,5,1,0,6.0
1360,1,1979,37,0,0,0,0,6.0
1361,1,1971,45,1,1,1,0,6.0
1362,1,1972,44,0,0,0,0,6.0
1363,1,1977,39,1,10,7,0,6.0
1364,1,1973,43,0,0,0,4,99.0
1365,1,1968.0,48.0,0,0,0,4,99.0
1366,1,1981,35,1,1,1,0,6.0
1367,1,1963,53,0,0,0,7,4.0
1368,1.0,1963,53,0,0,0,4,99.0
1369,1.0,1987,29,1,4,2,3,13.0
1370,1,1981,35,0,0,0,3,13.0
1371,1,1984,32,0,0,0,3,13.0
1372,1,1985,31,0,0,0,7,4.0
1373,1,1975,41,0,0,0,4,99.0
1374,0,1968.0,48.0,0,0,0,4,99.0
1375,1.0,1968.0,48.0,0,0,0,4,99.0
1376,1,1984,32,1,9,6,3,13.0
1377,1,1966,50,0,0,0,4,99.0
1378,1,1966,50,0,0,0,0,6.0
1379,1,1972,44,0,0,0,7,4.0
1380,1,1968.0,48.0,0,0,0,4,99.0
1381,1,1975,41,0,0,0,7,4.0
1382,1.0,1975,41,0,0,0,11,5.0
1383,1,1965,51,0,0,0,4,99.0
1384,1,1979,37,0,0,0,4,99.0
1385,1,1945,71,1,2,2,1,9.0
1386,1,1984,32,0,0,0,4,99.0
1387,0,1972,44,0,0,0,4,99.0
1388,1.0,1982,34,0,0,0,7,4.0
1389,1.0,1968.0,48.0,0,0,0,4,99.0
1390,1,1963,53,0,0,0,4,99.0
1391,1,1968.0,48.0,0,0,0,4,99.0
1392,1,1968,48,1,6,8,0,6.0
1393,1,1969,47,0,0,0,0,6.0
1394,1,1962,54,1,10,1,4,99.0
1395,1,1967,49,1,11,7,5,1.0
1396,1,1977,39,0,0,0,4,99.0
1397,1.0,1987,29,0,0,0,4,99.0
1398,1,1955,61,1,1,6,5,1.0
1399,1,1972,44,0,0,0,0,6.0
1400,1,1979,37,0,0,0,4,99.0
1401,1,1982,34,0,0,0,4,99.0
1402,1,1968,48,0,0,0,5,1.0
1403,1,1980,36,0,0,0,4,99.0
1404,1,1967,49,1,28,19,5,1.0
1405,1,1968,48,0,0,0,5,1.0
1406,1,1954,62,0,0,0,5,1.0
1407,1,1988,28,1,8,1,3,13.0
1408,1,1974,42,1,10,6,5,1.0
1409,0,1984,32,1,28,8,5,1.0
1410,0,1967,49,1,27,8,5,1.0
1411,1,1966,50,1,6,2,5,1.0
1412,1,1974,42,0,0,0,0,6.0
1413,1.0,1955,61,1,34,6,0,6.0
1414,1,1972,44,0,0,0,5,1.0
1415,1.0,1985,31,1,27,8,4,99.0
1416,1,1965,51,0,0,0,5,1.0
1417,0.0,1983,33,1,28,8,5,1.0
1418,0,1967,49,1,2,5,5,1.0
1419,0,1970,46,0,0,0,5,1.0
1420,0.0,1960,56,1,28,8,5,1.0
1421,0,1978,38,1,27,8,5,1.0
1422,0,1963,53,0,0,0,5,1.0
1423,0,1965,51,0,0,0,5,1.0
1424,0,1965,51,0,0,0,5,1.0
1425,0,1952,64,1,2,5,5,1.0
1426,1,1986,30,1,8,1,3,13.0
1427,1,1978,38,0,0,0,4,99.0
1428,0.0,1959,57,1,28,8,5,1.0
1429,0,1984,32,0,0,0,4,99.0
1430,1,1985,31,0,0,0,4,99.0
1431,1,1976,40,0,0,0,0,6.0
1432,1,1969,47,0,0,0,0,6.0
1433,1,1969,47,0,0,0,4,99.0
1434,1,1976,40,1,8,1,0,6.0
1435,1,1979,37,1,1,1,0,6.0
1436,1.0,1979,37,0,0,0,9,2.0
1437,1,1979,37,0,0,0,5,1.0
1438,1,1974,42,1,5,1,0,6.0
1439,1,1968,48,0,0,0,0,6.0
1440,1,1980,36,1,9,6,3,13.0
1441,0,1959,57,0,0,0,0,6.0
1442,1,1982,34,0,0,0,4,99.0
1443,1,1982,34,1,9,6,3,13.0
1444,1,1985,31,1,8,1,3,13.0
1445,1,1984,32,0,0,0,4,99.0
1446,0,1958,58,1,1,2,0,6.0
1447,1.0,1981,35,0,0,0,0,6.0
1448,1,1971.0,45.0,1,8,1,4,99.0
1449,1,1982,34,1,9,6,3,13.0
1450,1,1979,37,1,5,2,0,6.0
1451,1,1970,46,0,0,0,0,6.0
1452,1,1982,34,0,0,0,3,13.0
1453,1,1973,43,0,0,0,0,6.0
1454,1,1950,66,0,0,0,0,6.0
1455,0,1980,36,0,0,0,4,99.0
1456,1,1974,42,1,1,2,0,6.0
1457,1,1975,41,0,0,0,0,6.0
1458,1,1976,40,0,0,0,5,1.0
1459,1,1979,37,0,0,0,5,1.0
1460,1,1984,32,1,9,6,3,13.0
1461,1,1958,58,0,0,0,2,11.0
1462,1,1975,41,1,8,1,8,3.0
1463,1.0,1976,40,1,8,1,8,3.0
1464,1,1962,54,1,8,39,4,99.0
1465,1,1982,34,1,9,6,3,13.0
1466,1,1980,36,1,9,6,3,13.0
1467,1,1940,76,0,0,0,0,6.0
1468,1,1966,50,1,13,7,10,31.0
1469,1,1983,33,0,0,0,4,99.0
1470,1,1985,31,0,0,0,7,4.0
1471,1,1958,58,1,5,7,7,4.0
1472,1.0,1968.0,48.0,0,0,0,4,99.0
1473,1,1970.0,46.0,1,1,1,4,99.0
1474,1,1949,67,1,10,8,0,6.0
1475,1,1978,38,1,1,1,2,11.0
1476,1,1975,41,0,0,0,0,6.0
1477,1,1967,49,0,0,0,4,99.0
1478,1,1975,41,1,5,40,1,9.0
1479,1,1977,39,1,5,40,1,9.0
1480,1.0,1973,43,1,5,40,1,9.0
1481,0,1946,70,0,0,0,4,99.0
1482,1,1986,30,1,8,1,3,13.0
1483,1,1966,50,1,5,5,2,11.0
1484,0,1975,41,0,0,0,5,1.0
1485,1,1967,49,1,8,2,5,1.0
1486,1,1945,71,0,0,0,6,14.0
1487,0,1949.0,67.0,0,0,0,6,14.0
1488,1,1945,71,0,0,0,6,14.0
1489,1,1961,55,0,0,0,0,6.0
1490,1,1981,35,1,9,6,3,13.0
1491,1,1971.0,45.0,1,8,1,4,99.0
1492,1,1982,34,1,9,6,3,13.0
1493,1.0,1977,39,0,0,0,5,1.0
1494,1,1956,60,0,0,0,4,99.0
1495,1.0,1968.0,48.0,0,0,0,4,99.0
1496,1,1980,36,0,0,0,4,99.0
1497,1,1986,30,0,0,0,4,99.0
1498,1,1939,77,0,0,0,4,99.0
1499,1,1962,54,1,8,8,0,6.0
1500,1,1985,31,1,9,6,3,13.0
1501,1,1961,55,0,0,0,2,11.0
1502,1,1981,35,0,0,0,4,99.0
1503,1,1972,44,1,4,8,0,6.0
1504,1,1983,33,0,0,0,0,6.0
1505,1,1982,34,1,1,5,0,6.0
1506,1.0,1977,39,1,3,3,2,11.0
1507,0,1981,35,1,10,41,8,3.0
1508,1,1971,45,0,0,0,0,6.0
1509,1,1951,65,1,8,8,0,6.0
1510,1,1968.0,48.0,0,0,0,4,99.0
1511,1,1990,26,1,8,2,2,11.0
1512,1,1938,78,1,8,1,4,99.0
1513,1,1966,50,1,1,2,2,11.0
1514,1,1985,31,1,9,6,3,13.0
1515,1,1959,57,1,6,2,6,14.0
1516,1,1975,41,1,10,6,0,6.0
1517,1,1983,33,1,9,6,3,13.0
1518,1,1981,35,1,9,6,3,13.0
1519,1,1986,30,0,0,0,4,99.0
1520,1,1956,60,0,0,0,10,29.0
1521,1,1966,50,0,0,0,0,6.0
1522,1.0,1972.0,44.0,0,0,0,0,6.0
1523,1,1970,46,0,0,0,0,6.0
1524,1,1963,53,1,6,2,5,1.0
1525,1,1973,43,0,0,0,0,6.0
1526,0,1953,63,0,0,0,0,6.0
1527,1,1950,66,1,10,19,0,6.0
1528,1,1972,44,0,0,0,4,99.0
1529,1,1965,51,1,10,2,0,6.0
1530,0,1968.0,48.0,0,0,0,4,99.0
1531,1,1947,69,1,1,7,2,11.0
1532,1,1979,37,1,9,6,3,13.0
1533,0,1975,41,0,0,0,0,6.0
1534,1,1972,44,0,0,0,2,11.0
1535,1,1958,58,0,0,0,4,99.0
1536,1,1959,57,0,0,0,2,11.0
1537,1,1963,53,1,10,1,2,11.0
1538,1,1966,50,0,0,0,2,11.0
1539,1,1968,48,1,1,1,0,6.0
1540,1,1967,49,1,1,1,0,6.0
1541,1.0,1955,61,0,0,0,0,6.0
1542,1,1944,72,0,0,0,0,6.0
1543,1,1970,46,0,0,0,0,6.0
1544,1,1967,49,1,1,2,0,6.0
1545,1,1983,33,0,0,0,0,6.0
1546,1.0,1985,31,0,0,0,0,6.0
1547,1,1964,52,1,10,5,10,30.0
1548,1,1969,47,0,0,0,4,99.0
1549,1,1985,31,0,0,0,0,6.0
1550,1.0,1960,56,1,35,3,2,11.0
1551,1.0,1981,35,1,3,3,2,11.0
1552,1,1981,35,1,5,4,4,99.0
1553,1,1942,74,0,0,0,4,99.0
1554,1,1979,37,0,0,0,4,99.0
1555,1,1976,40,1,1,1,0,6.0
1556,1,1977,39,0,0,0,5,1.0
1557,1,1983,33,0,0,0,0,6.0
1558,0,1950,66,1,10,23,7,4.0
1559,1,1967,49,1,6,7,4,99.0
1560,1,1947,69,0,0,0,4,99.0
1561,1,1966,50,1,3,12,2,11.0
1562,1,1969,47,1,5,4,2,11.0
1563,1.0,1972,44,0,0,0,0,6.0
1564,1,1968.0,48.0,0,0,0,4,99.0
1565,1,1967,49,0,0,0,7,4.0
1566,0,1968,48,0,0,0,5,1.0
1567,0,1960,56,1,1,6,5,1.0
1568,1.0,1977,39,0,0,0,7,4.0
1569,1,1969,47,1,10,6,2,11.0
1570,1,1976,40,0,0,0,0,6.0
1571,1.0,1986,30,1,4,2,3,13.0
1572,1,1985,31,1,5,1,0,6.0
1573,1,1966,50,1,5,1,0,6.0
1574,1,1945,71,0,0,0,4,99.0
1575,1,1969,47,1,6,8,0,6.0
1576,1,1983,33,0,0,0,9,2.0
1577,1,1959,57,0,0,0,9,2.0
1578,1,1970,46,1,1,1,2,11.0
1579,1,1985,31,1,8,1,3,13.0
1580,1,1971.0,45.0,1,8,1,4,99.0
1581,1,1986,30,1,4,2,1,9.0
1582,1,1973,43,0,0,0,0,6.0
1583,1.0,1970,46,0,0,0,7,4.0
1584,1.0,1981,35,0,0,0,10,13.0
1585,1,1973,43,0,0,0,0,6.0
1586,1,1975,41,0,0,0,7,4.0
1587,1.0,1968.0,48.0,0,0,0,4,99.0
1588,1.0,1968.0,48.0,0,0,0,4,99.0
1589,1,1973,43,0,0,0,7,4.0
1590,1,1946,70,0,0,0,4,99.0
1591,1,1932,84,0,0,0,4,99.0
1592,1,1951,65,0,0,0,4,99.0
1593,1,1949,67,0,0,0,4,99.0
1594,1,1954,62,0,0,0,4,99.0
1595,0,1978,38,0,0,0,4,99.0
1596,1,1978,38,1,8,2,7,4.0
1597,1,1981,35,0,0,0,7,4.0
1598,1.0,1984,32,0,0,0,7,4.0
1599,1,1969,47,0,0,0,7,4.0
1600,1,1982,34,0,0,0,7,4.0
1601,1,1981,35,0,0,0,4,99.0
1602,1,1985,31,1,8,1,7,4.0
1603,1,1966,50,0,0,0,0,6.0
1604,1,1983,33,0,0,0,4,99.0
1605,1,1981,35,1,3,8,0,6.0
1606,1,1948,68,1,36,8,0,6.0
1607,1.0,1981,35,0,0,0,0,6.0
1608,1,1974,42,0,0,0,4,99.0
1609,1,1977,39,0,0,0,0,6.0
1610,1,1948,68,0,0,0,2,11.0
1611,1,1973,43,0,0,0,3,13.0
1612,1,1972.0,44.0,0,0,0,0,6.0
1613,1,1969,47,1,3,3,0,6.0
1614,1.0,1968.0,48.0,0,0,0,4,99.0
1615,1,1985,31,1,8,1,3,13.0
1616,1.0,1979,37,1,3,3,2,11.0
1617,1,1939,77,1,6,2,4,99.0
1618,1,1983,33,0,0,0,0,6.0
1619,0,1962,54,1,6,6,9,2.0
1620,1,1964,52,1,5,1,0,6.0
1621,1,1965,51,1,8,1,8,3.0
1622,1.0,1972.0,44.0,0,0,0,0,6.0
1623,1,1982,34,0,0,0,0,6.0
1624,1,1983,33,0,0,0,0,6.0
1625,1,1952,64,0,0,0,4,99.0
1626,1,1975,41,0,0,0,4,99.0
1627,1,1982,34,0,0,0,4,99.0
1628,1,1982,34,0,0,0,0,6.0
1629,1,1985,31,0,0,0,4,99.0
1630,1,1950,66,0,0,0,2,11.0
1631,1,1979,37,0,0,0,0,6.0
1632,0,1965,51,0,0,0,4,99.0
1633,1,1984,32,0,0,0,4,99.0
1634,1,1977,39,1,8,2,4,99.0
1635,1,1965.0,51.0,0,0,0,2,11.0
1636,1,1956,60,0,0,0,4,99.0
1637,1,1956,60,0,0,0,6,14.0
1638,1,1983,33,1,9,6,3,13.0
1639,1,1979,37,0,0,0,0,6.0
1640,1,1980,36,0,0,0,0,6.0
1641,1,1980,36,1,9,6,3,13.0
1642,1,1924,92,1,6,2,4,99.0
1643,1,1946,70,1,6,2,4,99.0
1644,1,1981,35,0,0,0,0,6.0
1645,1,1971,45,1,8,6,2,11.0
1646,1,1970,46,1,37,7,2,11.0
1647,0,1964,52,0,0,0,4,99.0
1648,1,1928,88,0,0,0,4,99.0
1649,1,1986,30,1,9,6,3,13.0
1650,1.0,1975,41,1,1,2,0,6.0
1651,1,1956,60,1,11,1,2,11.0
1652,1,1967,49,0,0,0,0,6.0
1653,1,1979,37,1,5,2,0,6.0
1654,1,1980,36,0,0,0,2,11.0
1655,1.0,1973,43,0,0,0,4,99.0
1656,1,1981,35,0,0,0,0,6.0
1657,1,1965,51,1,10,6,0,6.0
1658,1,1971.0,45.0,1,8,1,4,99.0
1659,1,1984,32,1,5,1,0,6.0
1660,1,1981,35,1,1,5,0,6.0
1661,1,1946,70,1,11,1,2,11.0
1662,0,1986,30,1,9,6,3,13.0
1663,1,1950,66,1,10,19,4,99.0
1664,1,1965.0,51.0,0,0,0,2,11.0
1665,1,1959,57,1,4,8,2,11.0
1666,1,1957,59,1,37,7,2,11.0
1667,1,1975,41,1,10,5,0,6.0
1668,0.0,1964,52,1,6,16,9,2.0
1669,1,1954,62,0,0,0,0,6.0
1670,1,1946,70,0,0,0,4,99.0
1671,1,1972,44,0,0,0,4,99.0
1672,1,1981,35,0,0,0,0,6.0
1673,1,1976,40,0,0,0,10,32.0
1674,1,1981,35,0,0,0,0,6.0
1675,1,1969,47,1,5,1,0,6.0
1676,1,1980,36,0,0,0,0,6.0
1677,1,1969,47,1,10,1,0,6.0
1678,0,1987,29,1,1,5,0,6.0
1679,1,1972,44,1,32,1,0,6.0
1680,1,1981,35,1,5,1,0,6.0
1681,1,1973.0,43.0,1,2,2,1,9.0
1682,1,1972.0,44.0,0,0,0,0,6.0
1683,1,1956,60,0,0,0,2,11.0
1684,1,1976,40,0,0,0,0,6.0
1685,0,1968,48,1,5,2,0,6.0
1686,1,1985,31,1,5,4,12,10.0
1687,1,1985,31,1,8,1,4,99.0
1688,1,1983,33,1,5,4,1,9.0
1689,1,1964,52,1,2,2,1,9.0
1690,1.0,1974,42,0,0,0,0,6.0
1691,1,1980,36,0,0,0,7,4.0
1692,1,1980,36,0,0,0,4,99.0
1693,1,1945,71,1,4,8,7,4.0
1694,1,1979,37,0,0,0,5,1.0
1695,1,1980,36,1,1,2,4,99.0
1696,1,1959,57,0,0,0,4,99.0
1697,1,1955,61,0,0,0,4,99.0
1698,1,1976,40,0,0,0,0,6.0
1699,1.0,1974,42,0,0,0,0,6.0
1700,0,1961,55,0,0,0,4,99.0
1701,1,1921,95,1,6,5,4,99.0
1702,1,1956,60,0,0,0,4,99.0
1703,0,1957,59,0,0,0,4,99.0
1704,1,1975,41,0,0,0,0,6.0
1705,1,1984,32,0,0,0,0,6.0
1706,1,1981,35,0,0,0,0,6.0
1707,1,1979,37,1,8,2,7,4.0
1708,1,1975,41,0,0,0,0,6.0
1709,1,1956,60,0,0,0,4,99.0
1710,1,1982,34,0,0,0,7,4.0
1711,1,1975,41,1,8,2,2,11.0
1712,1,1967,49,0,0,0,2,11.0
1713,1,1980,36,1,10,23,7,4.0
1714,1.0,1954.0,62.0,1,8,34,7,4.0
1715,1,1977,39,1,8,1,7,4.0
1716,1,1956,60,1,10,2,7,4.0
1717,1,1985,31,0,0,0,7,4.0
1718,1,1983,33,0,0,0,3,13.0
1719,1,1985,31,1,8,1,7,4.0
1720,1,1981,35,0,0,0,7,4.0
1721,1,1953,63,1,3,8,7,4.0
1722,0,1968.0,48.0,0,0,0,4,99.0
1723,1,1960,56,1,3,8,2,11.0
1724,1,1968,48,1,1,1,2,11.0
1725,1,1958,58,1,38,7,9,2.0
1726,1,1973,43,0,0,0,4,99.0
1727,1,1968.0,48.0,0,0,0,4,99.0
1728,1,1949,67,0,0,0,2,11.0
1729,1,1979,37,0,0,0,0,6.0
1730,1,1976,40,0,0,0,4,99.0
1731,1,1989,27,1,9,7,3,13.0
1732,1,1986,30,1,9,7,3,13.0
1733,1,1987,29,0,0,0,4,99.0
1734,1,1991,25,1,4,2,3,13.0
1735,1,1963,53,1,1,1,4,99.0
1736,1,1974,42,1,10,8,0,6.0
1737,1,1973,43,0,0,0,0,6.0
1738,1,1962,54,0,0,0,4,99.0
1739,1,1970,46,1,5,4,1,9.0
1740,1,1984,32,1,3,3,2,11.0
1741,1,1981,35,0,0,0,0,6.0
1742,1,1973,43,0,0,0,0,6.0
1743,1,1961,55,1,1,5,0,6.0
1744,1,1951,65,0,0,0,4,99.0
1745,1,1982,34,0,0,0,0,6.0
1746,1,1970,46,1,8,7,2,11.0
1747,1,1968,48,1,29,7,2,11.0
1748,1.0,1982,34,1,9,6,3,13.0
1749,1,1982,34,1,1,1,0,6.0
1750,1,1969,47,0,0,0,4,99.0
1751,0,1954,62,0,0,0,4,99.0
1752,1,1953,63,0,0,0,10,19.0
1753,0,1970,46,0,0,0,0,6.0
1754,1.0,1980,36,0,0,0,7,4.0
1755,1,1975,41,0,0,0,0,6.0
1756,1,1977,39,1,1,1,2,11.0
1757,1,1981,35,0,0,0,0,6.0
1758,1,1985,31,0,0,0,4,99.0
1759,1,1968,48,0,0,0,0,6.0
1760,0,1986,30,0,0,0,4,99.0
1761,1,1969,47,0,0,0,0,6.0
1762,0,1975,41,1,5,4,1,9.0
1763,1,1969,47,1,10,7,2,11.0
1764,1,1961,55,1,2,2,9,2.0
1765,1,1971,45,0,0,0,0,6.0
1766,1,1978,38,0,0,0,0,6.0
1767,1,1986,30,0,0,0,4,99.0
1768,1,1976,40,0,0,0,0,6.0
1769,1.0,1971,45,1,10,42,0,6.0
1770,1,1969.0,47.0,1,1,2,2,11.0
1771,1,1967.0,49.0,1,6,19,4,99.0
1772,1,1978,38,0,0,0,4,99.0
1773,1,1951,65,1,10,1,2,11.0
1774,0.0,1966,50,1,6,16,9,2.0
1775,0,1974,42,1,10,23,7,4.0
1776,1,1986,30,1,9,6,3,13.0
1777,0,1986,30,1,9,6,3,13.0
1778,1,1979,37,1,5,4,1,9.0
1779,1,1968.0,48.0,0,0,0,4,99.0
1780,1,1982,34,1,8,1,3,13.0
1781,1,1968.0,48.0,0,0,0,4,99.0
1782,1,1976,40,1,10,7,8,3.0
1783,1,1931,85,0,0,0,4,99.0
1784,1,1970,46,1,11,8,0,6.0
1785,1,1949,67,0,0,0,2,11.0
1786,1,1985,31,0,0,0,4,99.0
1787,1,1966,50,0,0,0,9,2.0
1788,1,1972.0,44.0,0,0,0,0,6.0
1789,1,1976,40,1,1,1,0,6.0
1790,1,1972,44,1,4,8,9,2.0
1791,1,1974,42,1,4,6,3,13.0
1792,0,1975,41,0,0,0,4,99.0
1793,1,1959,57,0,0,0,4,99.0
1794,1,1975,41,0,0,0,4,99.0
1795,1,1977,39,0,0,0,4,99.0
1796,1,1968,48,1,10,8,0,6.0
1797,1.0,1973,43,0,0,0,7,4.0
1798,1,1964,52,1,10,8,0,6.0
1799,1.0,1974,42,0,0,0,0,6.0
1800,1,1968.0,48.0,0,0,0,4,99.0
1801,1,1968,48,0,0,0,5,1.0
1802,1,1982,34,0,0,0,4,99.0
1803,1,1957,59,0,0,0,4,99.0
1804,1,1967,49,1,10,2,2,11.0
1805,1,1974,42,0,0,0,3,13.0
1806,1,1980,36,0,0,0,0,6.0
1807,0,1968.0,48.0,0,0,0,4,99.0
1808,1,1948,68,1,10,2,0,6.0
1809,1,1968.0,48.0,0,0,0,4,99.0
1810,1,1955,61,1,8,6,0,6.0
1811,1,1972,44,1,10,8,0,6.0
1812,1,1977,39,0,0,0,2,11.0
1813,1,1986,30,1,9,6,3,13.0
1814,1,1980,36,1,1,5,0,6.0
1815,1.0,1965,51,0,0,0,7,4.0
1816,1,1964,52,0,0,0,5,1.0
1817,0,1968,48,1,1,2,0,6.0
1818,1,1968.0,48.0,0,0,0,4,99.0
1819,1,1968.0,48.0,0,0,0,4,99.0
1820,0,1950,66,0,0,0,4,99.0
1821,1,1924,92,0,0,0,4,99.0
1822,1,1983,33,0,0,0,0,6.0
1823,1.0,1963,53,0,0,0,4,99.0
1824,1.0,1964,52,0,0,0,4,99.0
1825,1,1961,55,0,0,0,0,6.0
1826,1,1975,41,0,0,0,0,6.0
1827,0,1987,29,1,9,6,3,13.0
1828,1,1975,41,0,0,0,0,6.0
1829,1,1967,49,0,0,0,4,99.0
1830,1,1948,68,0,0,0,4,99.0
1831,0,1968.0,48.0,0,0,0,4,99.0
1832,1,1956,60,0,0,0,4,99.0
1833,1,1982,34,0,0,0,4,99.0
1834,1,1978,38,1,8,6,2,11.0
1835,1,1968.0,48.0,0,0,0,4,99.0
1836,1,1964,52,0,0,0,2,11.0
1837,1,1969,47,1,10,1,4,99.0
1838,1,1969,47,1,8,6,2,11.0
1839,1,1978,38,0,0,0,0,6.0
1840,1,1968,48,0,0,0,0,6.0
1841,1,1972,44,0,0,0,4,99.0
1842,1,1972,44,1,1,2,0,6.0
1843,1,1943,73,0,0,0,4,99.0
1844,1,1975,41,0,0,0,4,99.0
1845,1,1980,36,1,1,13,0,6.0
1846,1,1962,54,0,0,0,4,99.0
1847,1,1969,47,0,0,0,4,99.0
1848,1,1979,37,1,1,2,0,6.0
1849,1,1978,38,1,1,2,0,6.0
1850,1,1979,37,0,0,0,0,6.0
1851,1,1954,62,1,10,1,2,11.0
1852,1,1954,62,1,10,2,4,99.0
1853,0,1988,28,1,1,2,0,6.0
1854,1,1972,44,0,0,0,0,6.0
1855,0,1972,44,0,0,0,4,99.0
1856,1,1971,45,0,0,0,4,99.0
1857,1,1960,56,1,10,8,0,6.0
1858,1,1982,34,1,1,5,0,6.0
1859,1,1944,72,0,0,0,2,11.0
1860,1,1987,29,1,3,3,3,13.0
1861,1,1982,34,1,9,6,3,13.0
1862,1,1983,33,0,0,0,4,99.0
1863,1,1971,45,0,0,0,2,11.0
1864,1,1982,34,0,0,0,0,6.0
1865,1,1973,43,0,0,0,9,2.0
1866,0,1956,60,0,0,0,0,6.0
1867,1,1983,33,1,9,6,3,13.0
1868,1,1968,48,1,1,6,4,99.0
1869,1,1970,46,0,0,0,2,11.0
1870,1.0,1968.0,48.0,0,0,0,4,99.0
1871,1,1975,41,1,10,6,0,6.0
1872,1,1986,30,0,0,0,4,99.0
1873,0,1985,31,0,0,0,4,99.0
1874,1,1972,44,1,10,6,5,1.0
1875,1,1972,44,0,0,0,0,6.0
1876,1,1973,43,0,0,0,9,2.0
1877,1.0,1970,46,1,5,5,1,9.0
1878,1,1972,44,0,0,0,0,6.0
1879,1,1986,30,1,4,2,1,9.0
1880,1,1985.0,31.0,0,0,0,1,9.0
1881,1,1980,36,1,4,2,1,9.0
1882,1,1976,40,1,4,2,4,99.0
1883,1.0,1968.0,48.0,0,0,0,4,99.0
1884,1,1965.0,51.0,0,0,0,2,11.0
1885,0,1959,57,1,3,8,5,1.0
1886,1,1958,58,1,23,5,5,1.0
1887,1,1981,35,0,0,0,4,99.0
1888,1,1975,41,0,0,0,0,6.0
1889,1,1964,52,0,0,0,5,1.0
1890,1,1966,50,0,0,0,4,99.0
1891,1,1984,32,0,0,0,0,6.0
1892,1,1946,70,0,0,0,2,11.0
1893,0,1951,65,1,39,8,0,6.0
1894,1,1963,53,0,0,0,9,2.0
1895,1,1959,57,1,1,1,0,6.0
1896,1,1943,73,1,4,2,9,2.0
1897,1,1963,53,1,10,23,2,11.0
1898,1.0,1971,45,0,0,0,9,2.0
1899,1.0,1960,56,1,37,2,10,33.0
1900,1,1964,52,1,4,6,2,11.0
1901,1,1970,46,1,4,6,2,11.0
1902,1,1976,40,0,0,0,4,99.0
1903,1,1981,35,1,10,1,0,6.0
1904,1,1973,43,1,1,1,0,6.0
1905,1.0,1979,37,0,0,0,0,6.0
1906,1,1978,38,1,8,1,4,99.0
1907,1,1971,45,1,8,1,4,99.0
1908,1,1951,65,0,0,0,0,6.0
1909,1,1986,30,0,0,0,7,4.0
1910,1,1977,39,0,0,0,0,6.0
1911,1,1959,57,0,0,0,0,6.0
1912,1,1960,56,0,0,0,0,6.0
1913,1,1979,37,0,0,0,4,99.0
1914,1,1973.0,43.0,1,8,2,2,11.0
1915,1,1974,42,1,10,1,4,99.0
1916,1,1968,48,1,10,2,0,6.0
1917,1,1983,33,1,9,6,3,13.0
1918,1,1965,51,1,29,43,2,11.0
1919,1,1978,38,1,1,5,0,6.0
1920,1,1962,54,0,0,0,4,99.0
1921,1,1964,52,1,1,5,0,6.0
1922,1,1986,30,0,0,0,0,6.0
1923,1,1966,50,1,29,8,0,6.0
1924,1,1975,41,0,0,0,4,99.0
1925,1,1982,34,1,1,2,2,11.0
1926,1,1982,34,1,8,2,0,6.0
1927,1,1973,43,0,0,0,2,11.0
1928,1,1964,52,0,0,0,5,1.0
1929,1,1988,28,0,0,0,3,13.0
1930,1,1981,35,1,9,6,3,13.0
1931,1,1968.0,48.0,0,0,0,4,99.0
1932,1,1976,40,0,0,0,4,99.0
1933,1,1977,39,1,8,2,7,4.0
1934,1,1978,38,1,8,1,4,99.0
1935,1.0,1977,39,0,0,0,4,99.0
1936,1,1982,34,1,5,4,1,9.0
1937,1,1968.0,48.0,0,0,0,4,99.0
1938,1,1980,36,1,10,2,7,4.0
1939,1,1977,39,0,0,0,2,11.0
1940,1,1987,29,0,0,0,4,99.0
1941,1,1968.0,48.0,0,0,0,4,99.0
1942,1,1976,40,1,5,2,0,6.0
1943,1,1967,49,1,28,8,5,1.0
1944,1,1969,47,1,8,2,5,1.0
1945,1,1968,48,0,0,0,4,99.0
1946,1,1965,51,1,27,8,5,1.0
1947,0,1975,41,0,0,0,5,1.0
1948,1,1948,68,0,0,0,5,1.0
1949,0,1958,58,0,0,0,5,1.0
1950,1,1983,33,0,0,0,0,6.0
1951,1,1980,36,0,0,0,4,99.0
1952,1,1980,36,0,0,0,0,6.0
1953,1,1977,39,0,0,0,4,99.0
1954,1.0,1959,57,1,23,8,5,1.0
1955,1,1961,55,1,10,2,0,6.0
1956,1,1978,38,1,1,5,0,6.0
1957,1,1969,47,1,1,8,0,6.0
1958,1,1970,46,1,3,10,4,99.0
1959,1,1975,41,1,5,2,0,6.0
1960,1,1958,58,0,0,0,4,99.0
1961,1.0,1976,40,1,4,3,0,6.0
1962,1,1982,34,0,0,0,0,6.0
1963,1,1979,37,0,0,0,4,99.0
1964,1,1962,54,0,0,0,0,6.0
1965,1,1968.0,48.0,0,0,0,4,99.0
1966,1,1977,39,1,10,1,0,6.0
1967,1.0,1976,40,0,0,0,0,6.0
1968,1,1984,32,1,8,1,3,13.0
1969,1,1976,40,0,0,0,4,99.0
1970,1,1952,64,0,0,0,4,99.0
1971,1,1975,41,0,0,0,0,6.0
1972,1,1972,44,0,0,0,0,6.0
1973,1,1971,45,0,0,0,0,6.0
1974,1,1962,54,0,0,0,4,99.0
1975,1,1958,58,0,0,0,4,99.0
1976,0,1960,56,0,0,0,4,99.0
1977,1,1970.0,46.0,1,1,1,4,99.0
1978,1,1981,35,1,4,2,0,6.0
1979,1,1969,47,0,0,0,4,99.0
1980,0,1970,46,0,0,0,0,6.0
1981,1,1960,56,0,0,0,0,6.0
1982,1,1972,44,1,5,1,10,36.0
1983,1,1985,31,1,9,6,3,13.0
1984,1,1980,36,1,9,6,3,13.0
1985,1,1979,37,1,9,6,3,13.0
1986,0,1984,32,1,10,2,4,99.0
1987,1.0,1955,61,0,0,0,0,6.0
1988,1,1981,35,1,1,1,4,99.0
1989,1,1965.0,51.0,0,0,0,2,11.0
1990,1,1982,34,1,3,10,4,99.0
1991,1,1983,33,1,9,6,3,13.0
1992,1,1968.0,48.0,0,0,0,4,99.0
1993,1,1961,55,0,0,0,0,6.0
1994,1,1973,43,1,2,2,2,11.0
1995,1,1960,56,0,0,0,0,6.0
1996,1,1960,56,0,0,0,9,2.0
1997,1,1983,33,0,0,0,0,6.0
1998,1,1978,38,0,0,0,3,13.0
1999,1,1973,43,0,0,0,0,6.0
2000,1,1977,39,0,0,0,0,6.0
2001,1,1981,35,1,1,1,4,99.0
2002,1,1973,43,1,20,2,2,11.0
2003,0,1979,37,0,0,0,4,99.0
2004,1,1972,44,1,5,3,0,6.0
2005,1,1978,38,1,1,1,0,6.0
2006,1,1978,38,0,0,0,3,13.0
2007,1,1951,65,1,9,3,2,11.0
2008,1,1968.0,48.0,0,0,0,4,99.0
2009,1,1973,43,1,10,23,7,4.0
2010,0,1976,40,0,0,0,4,99.0
2011,1,1966,50,1,6,2,0,6.0
2012,1,1974,42,1,10,6,2,11.0
2013,1.0,1968.0,48.0,0,0,0,4,99.0
2014,1,1958,58,1,10,44,5,1.0
2015,1,1942,74,1,6,5,5,1.0
2016,1,1976,40,1,2,5,5,1.0
2017,1.0,1970.0,46.0,1,2,5,5,1.0
2018,1,1970,46,1,2,5,5,1.0
2019,1.0,1962,54,1,23,8,5,1.0
2020,1,1982,34,1,2,5,5,1.0
2021,1,1967,49,0,0,0,5,1.0
2022,1,1940,76,1,2,5,5,1.0
2023,1.0,1988,28,1,8,12,4,99.0
2024,0,1966,50,1,2,5,5,1.0
2025,0,1983,33,1,2,5,5,1.0
2026,0,1990,26,1,2,5,5,1.0
2027,1,1964,52,1,2,5,5,1.0
2028,1,1978,38,1,2,5,5,1.0
2029,1,1968,48,0,0,0,7,4.0
2030,1,1978,38,0,0,0,0,6.0
2031,1,1977,39,1,8,2,4,99.0
2032,1,1943,73,1,1,2,0,6.0
2033,1,1967,49,1,34,7,0,6.0
2034,0,1966,50,0,0,0,4,99.0
2035,1.0,1975,41,0,0,0,7,4.0
2036,1,1981,35,0,0,0,4,99.0
2037,1,1969,47,0,0,0,2,11.0
2038,1,1975,41,0,0,0,4,99.0
2039,1,1977,39,1,1,1,0,6.0
2040,1,1982,34,0,0,0,4,99.0
2041,1,1981,35,1,9,6,3,13.0
2042,1,1987,29,0,0,0,4,99.0
2043,1,1959,57,0,0,0,4,99.0
2044,1,1969,47,0,0,0,4,99.0
2045,1,1950,66,0,0,0,0,6.0
2046,1,1970,46,0,0,0,4,99.0
2047,1,1962,54,0,0,0,4,99.0
2048,1.0,1963,53,0,0,0,0,6.0
2049,1,1978,38,0,0,0,4,99.0
2050,1,1982,34,1,8,2,0,6.0
2051,1,1957,59,1,6,2,0,6.0
2052,1,1982,34,0,0,0,0,6.0
2053,1,1969,47,0,0,0,0,6.0
2054,1,1954,62,0,0,0,0,6.0
2055,1,1964,52,1,5,1,0,6.0
2056,1,1982,34,0,0,0,0,6.0
2057,1,1976,40,0,0,0,0,6.0
2058,1,1970,46,1,9,7,3,13.0
2059,1,1947,69,1,8,8,0,6.0
2060,0,1986,30,1,9,6,3,13.0
2061,1,1975,41,0,0,0,0,6.0
2062,1,1976,40,0,0,0,4,99.0
2063,1,1977,39,0,0,0,0,6.0
2064,1.0,1966,50,0,0,0,4,99.0
2065,1,1978,38,0,0,0,0,6.0
2066,1,1951,65,1,11,1,2,11.0
2067,1,1977,39,0,0,0,2,11.0
2068,1.0,1970,46,0,0,0,2,11.0
2069,1,1973.0,43.0,1,1,7,0,6.0
2070,1,1982,34,1,9,6,3,13.0
2071,0,1966,50,0,0,0,4,99.0
2072,1,1980,36,1,5,1,0,6.0
2073,1,1981,35,1,1,1,0,6.0
2074,1,1943,73,0,0,0,4,99.0
2075,1,1960,56,0,0,0,2,11.0
2076,0,1970,46,0,0,0,0,6.0
2077,1,1982,34,0,0,0,0,6.0
2078,0,1960,56,0,0,0,9,2.0
2079,1,1957,59,0,0,0,0,6.0
2080,1,1961,55,0,0,0,4,99.0
2081,1,1981,35,0,0,0,0,6.0
2082,1,1968.0,48.0,0,0,0,4,99.0
2083,1,1982,34,0,0,0,0,6.0
2084,1,1982,34,0,0,0,0,6.0
2085,1,1984,32,1,8,1,3,13.0
2086,1,1973,43,0,0,0,0,6.0
2087,1,1985,31,1,8,3,4,99.0
2088,1,1983,33,0,0,0,7,4.0
2089,1,1978,38,1,1,5,0,6.0
2090,1,1962,54,1,10,25,5,1.0
2091,1,1979,37,0,0,0,4,99.0
2092,1.0,1985,31,0,0,0,4,99.0
2093,0,1968,48,1,1,1,2,11.0
2094,1,1966,50,1,10,45,4,99.0
2095,1,1974,42,0,0,0,0,6.0
2096,1,1973,43,0,0,0,2,11.0
2097,1,1964,52,0,0,0,0,6.0
2098,1,1957,59,0,0,0,4,99.0
2099,1.0,1965,51,0,0,0,0,6.0
2100,0,1969,47,0,0,0,5,1.0
2101,1,1979,37,0,0,0,0,6.0
2102,1,1970,46,1,8,6,4,99.0
2103,1,1961,55,1,3,8,5,1.0
2104,1,1967,49,0,0,0,4,99.0
2105,1,1966,50,1,10,46,5,1.0
2106,1,1985,31,0,0,0,4,99.0
2107,1,1970.0,46.0,1,1,2,4,99.0
2108,1,1978,38,0,0,0,4,99.0
2109,0,1983,33,0,0,0,0,6.0
2110,1,1962,54,0,0,0,0,6.0
2111,1,1975,41,1,10,7,2,11.0
2112,1.0,1977,39,0,0,0,0,6.0
2113,1,1952,64,1,10,7,0,6.0
2114,1,1983,33,0,0,0,4,99.0
2115,1.0,1956,60,0,0,0,1,9.0
2116,1,1964,52,1,3,3,5,1.0
2117,0,1962,54,0,0,0,4,99.0
2118,0,1955,61,0,0,0,4,99.0
2119,1,1987,29,1,8,1,3,13.0
2120,1,1969,47,0,0,0,0,6.0
2121,1,1975,41,0,0,0,5,1.0
2122,1,1962,54,0,0,0,4,99.0
2123,1,1978,38,1,5,4,1,9.0
2124,1,1977,39,0,0,0,4,99.0
2125,1,1970,46,1,5,2,0,6.0
2126,1,1946,70,1,8,1,8,3.0
2127,1,1968.0,48.0,0,0,0,4,99.0
2128,0,1973,43,0,0,0,9,2.0
2129,1,1973,43,0,0,0,4,99.0
2130,1,1962,54,1,8,19,0,6.0
2131,1,1968,48,1,1,1,4,99.0
2132,1,1966,50,0,0,0,0,6.0
2133,1,1971.0,45.0,1,8,1,4,99.0
2134,1,1971.0,45.0,1,8,1,4,99.0
2135,1,1969,47,0,0,0,4,99.0
2136,1,1976,40,1,8,2,5,1.0
2137,1,1985,31,0,0,0,4,99.0
2138,1,1963,53,1,40,1,10,38.0
2139,0,1963,53,2,41,47,2,11.0
